Year,Statistic,Name,Team,Value
1917,Base on Balls,George Burns,New York,75.0
1917,Batting Average,Edd Roush,Cincinnati,0.341
1917,Doubles,Heinie Groh,Cincinnati,39.0
1917,Hits,Heinie Groh,Cincinnati,182.0
1917,Home Runs,Gavvy Cravath,Philadelphia,12.0
1917,On Base Percentage,Heinie Groh,Cincinnati,0.385
1917,RBI,Heinie Zimmerman,New York,102.0
1917,Runs,George Burns,New York,103.0
1917,Slugging Average,Rogers Hornsby,St. Louis,0.484
1917,Stolen Bases,Max Carey,Pittsburgh,46.0
1917,Total Bases,Rogers Hornsby,St. Louis,253.0
1917,Triples,Rogers Hornsby,St. Louis,17.0
1903,Base on Balls,Roy Thomas,Philadelphia,107.0
1903,Batting Average,Honus Wagner,Pittsburgh,0.355
1903,Doubles,Fred Clarke,Pittsburgh,32.0
1903,Hits,Ginger Beaumont,Pittsburgh,209.0
1903,Home Runs,Jimmy Sheckard,Brooklyn,9.0
1903,On Base Percentage,Roy Thomas,Philadelphia,0.453
1903,RBI,Sam Mertes,New York,104.0
1903,Runs,Ginger Beaumont,Pittsburgh,137.0
1903,Slugging Average,Fred Clarke,Pittsburgh,0.532
1903,Stolen Bases,Frank Chance,Chicago,67.0
1903,Total Bases,Ginger Beaumont,Pittsburgh,272.0
1903,Triples,Honus Wagner,Pittsburgh,19.0
2007,Base on Balls,Barry Bonds,San Francisco,132.0
2007,Batting Average,Matt Holliday,Colorado,0.34
2007,Doubles,Matt Holliday,Colorado,50.0
2007,Hits,Matt Holliday,Colorado,216.0
2007,Home Runs,Prince Fielder,Milwaukee,50.0
2007,On Base Percentage,Todd Helton,Colorado,0.434
2007,RBI,Matt Holliday,Colorado,137.0
2007,Runs,Jimmy Rollins,Philadelphia,139.0
2007,Slugging Average,Prince Fielder,Milwaukee,0.618
2007,Stolen Bases,Jose Reyes,New York,78.0
2007,Total Bases,Matt Holliday,Colorado,386.0
2007,Triples,Jimmy Rollins,Philadelphia,20.0
2013,Base on Balls,Joey Votto,Cincinnati,135.0
2013,Batting Average,Michael Cuddyer,Colorado,0.331
2013,Doubles,Matt Carpenter,St. Louis,55.0
2013,Hits,Matt Carpenter,St. Louis,199.0
2013,Home Runs,Pedro Alvarez,Pittsburgh,36.0
2013,On Base Percentage,Joey Votto,Cincinnati,0.435
2013,RBI,Paul Goldschmidt,Arizona,125.0
2013,Runs,Matt Carpenter,St. Louis,126.0
2013,Slugging Average,Paul Goldschmidt,Arizona,0.552
2013,Stolen Bases,Eric Young,Colorado / New York,46.0
2013,Total Bases,Paul Goldschmidt,Arizona,332.0
2013,Triples,Denard Span,Washington,11.0
1888,Base on Balls,Roger Connor,New York,73.0
1888,Batting Average,Cap Anson,Chicago,0.344
1888,Doubles,Dan Brouthers,Detroit,33.0
1888,Hits,Jimmy Ryan,Chicago,182.0
1888,Home Runs,Jimmy Ryan,Chicago,16.0
1888,On Base Percentage,Cap Anson,Chicago,0.4
1888,RBI,Cap Anson,Chicago,84.0
1888,Runs,Dan Brouthers,Detroit,118.0
1888,Slugging Average,Jimmy Ryan,Chicago,0.515
1888,Total Bases,Jimmy Ryan,Chicago,283.0
1888,Triples,Dick Johnston,Boston,18.0
1877,Base on Balls,Jim O'Rourke,Boston,20.0
1877,Batting Average,Deacon White,Boston,0.387
1877,Doubles,Cap Anson,Chicago,19.0
1877,Hits,Deacon White,Boston,103.0
1877,Home Runs,Lip Pike,Cincinnati,4.0
1877,On Base Percentage,Jim O'Rourke,Boston,0.407
1877,RBI,Deacon White,Boston,49.0
1877,Runs,Jim O'Rourke,Boston,68.0
1877,Slugging Average,Deacon White,Boston,0.545
1877,Total Bases,Deacon White,Boston,145.0
1877,Triples,Deacon White,Boston,11.0
1876,Base on Balls,Ross Barnes,Chicago,20.0
1876,Batting Average,Ross Barnes,Chicago,0.429
1876,Doubles,Ross Barnes,Chicago,21.0
1876,Hits,Ross Barnes,Chicago,138.0
1876,Home Runs,George Hall,Philadelphia,5.0
1876,On Base Percentage,Ross Barnes,Chicago,0.462
1876,RBI,Deacon White,Chicago,60.0
1876,Runs,Ross Barnes,Chicago,126.0
1876,Slugging Average,Ross Barnes,Chicago,0.59
1876,Total Bases,Ross Barnes,Chicago,190.0
1876,Triples,Ross Barnes,Chicago,14.0
1889,Base on Balls,Mike Tiernan,New York,96.0
1889,Batting Average,Dan Brouthers,Boston,0.373
1889,Doubles,King Kelly,Boston,41.0
1889,Hits,Jack Glasscock,Indianapolis,205.0
1889,Home Runs,Sam Thompson,Philadelphia,20.0
1889,On Base Percentage,Fred Carroll,Pittsburgh,0.486
1889,RBI,Roger Connor,New York,130.0
1889,Runs,Mike Tiernan,New York,147.0
1889,Slugging Average,Roger Connor,New York,0.528
1889,Total Bases,Jimmy Ryan,Chicago,297.0
1889,Triples,Walt Wilmot,Washington,19.0
2012,Base on Balls,Dan Uggla,Atlanta,94.0
2012,Batting Average,Buster Posey *,San Francisco,0.336
2012,Doubles,Aramis Ramirez,Milwaukee,50.0
2012,Hits,Andrew McCutchen,Pittsburgh,194.0
2012,Home Runs,Ryan Braun,Milwaukee,41.0
2012,On Base Percentage,Joey Votto,Cincinnati,0.474
2012,RBI,Chase Headley,San Diego,115.0
2012,Runs,Ryan Braun,Milwaukee,108.0
2012,Slugging Average,Mike Stanton,Miami,0.608
2012,Stolen Bases,Everth Cabrera,San Diego,44.0
2012,Total Bases,Ryan Braun,Milwaukee,356.0
2012,Triples,Angel Pagan,San Francisco,15.0
2006,Base on Balls,Barry Bonds,San Francisco,115.0
2006,Batting Average,Freddy Sanchez,Pittsburgh,0.344
2006,Doubles,Freddy Sanchez,Pittsburgh,53.0
2006,Hits,Juan Pierre,Chicago,204.0
2006,Home Runs,Ryan Howard,Philadelphia,58.0
2006,On Base Percentage,Barry Bonds *,San Francisco,0.454
2006,RBI,Ryan Howard,Philadelphia,149.0
2006,Runs,Chase Utley,Philadelphia,131.0
2006,Slugging Average,Albert Pujols,St. Louis,0.671
2006,Stolen Bases,Jose Reyes,New York,64.0
2006,Total Bases,Ryan Howard,Philadelphia,383.0
2006,Triples,Jose Reyes,New York,17.0
1902,Base on Balls,Roy Thomas,Philadelphia,107.0
1902,Batting Average,Ginger Beaumont,Pittsburgh,0.357
1902,Doubles,Honus Wagner,Pittsburgh,30.0
1902,Hits,Ginger Beaumont,Pittsburgh,193.0
1902,Home Runs,Tommy Leach,Pittsburgh,6.0
1902,On Base Percentage,Roy Thomas,Philadelphia,0.414
1902,RBI,Honus Wagner,Pittsburgh,91.0
1902,Runs,Honus Wagner,Pittsburgh,105.0
1902,Slugging Average,Honus Wagner,Pittsburgh,0.463
1902,Stolen Bases,Honus Wagner,Pittsburgh,42.0
1902,Total Bases,Sam Crawford,Cincinnati,256.0
1902,Triples,Sam Crawford,Cincinnati,22.0
1916,Base on Balls,Heinie Groh,Cincinnati,84.0
1916,Batting Average,Hal Chase,Cincinnati,0.339
1916,Doubles,Bert Niehoff,Philadelphia,42.0
1916,Hits,Hal Chase,Cincinnati,184.0
1916,Home Runs,Dave Robertson,New York,12.0
1916,On Base Percentage,Gavvy Cravath,Philadelphia,0.379
1916,RBI,Heinie Zimmerman,Chicago,83.0
1916,Runs,George Burns,New York,105.0
1916,Slugging Average,Zack Wheat,Brooklyn,0.461
1916,Stolen Bases,Max Carey,Pittsburgh,63.0
1916,Total Bases,Zack Wheat,Brooklyn,262.0
1916,Triples,Bill Hinchman,Pittsburgh,16.0
1900,Base on Balls,Roy Thomas,Philadelphia,115.0
1900,Batting Average,Honus Wagner,Pittsburgh,0.381
1900,Doubles,Honus Wagner,Pittsburgh,45.0
1900,Hits,Willie Keeler,Brooklyn,204.0
1900,Home Runs,Herman Long,Boston,12.0
1900,On Base Percentage,John McGraw,St. Louis,0.505
1900,RBI,Elmer Flick,Philadelphia,110.0
1900,Runs,Roy Thomas,Philadelphia,132.0
1900,Slugging Average,Honus Wagner,Pittsburgh,0.573
1900,Stolen Bases,Patsy Donovan,St. Louis,45.0
1900,Total Bases,Honus Wagner,Pittsburgh,302.0
1900,Triples,Honus Wagner,Pittsburgh,22.0
1914,Base on Balls,Miller Huggins,St. Louis,105.0
1914,Batting Average,Jake Daubert,Brooklyn,0.329
1914,Doubles,Sherry Magee,Philadelphia,39.0
1914,Hits,Sherry Magee,Philadelphia,171.0
1914,Home Runs,Gavvy Cravath,Philadelphia,19.0
1914,On Base Percentage,Casey Stengel,Brooklyn,0.404
1914,RBI,Sherry Magee,Philadelphia,103.0
1914,Runs,George Burns,New York,100.0
1914,Slugging Average,Sherry Magee,Philadelphia,0.509
1914,Stolen Bases,George Burns,New York,62.0
1914,Total Bases,Sherry Magee,Philadelphia,277.0
1914,Triples,Max Carey,Pittsburgh,17.0
1928,Base on Balls,Rogers Hornsby,Boston,107.0
1928,Batting Average,Rogers Hornsby,Boston,0.387
1928,Doubles,Paul Waner,Pittsburgh,50.0
1928,Hits,Freddie Lindstrom,New York,231.0
1928,Home Runs,Jim Bottomley,St. Louis,31.0
1928,On Base Percentage,Rogers Hornsby,Boston,0.498
1928,RBI,Jim Bottomley,St. Louis,136.0
1928,Runs,Paul Waner,Pittsburgh,142.0
1928,Slugging Average,Rogers Hornsby,Boston,0.632
1928,Stolen Bases,Kiki Cuyler,Chicago,37.0
1928,Total Bases,Jim Bottomley,St. Louis,362.0
1928,Triples,Jim Bottomley,St. Louis,20.0
2010,Base on Balls,Prince Fielder,Milwaukee,114.0
2010,Batting Average,Carlos Gonzalez,Colorado,0.336
2010,Doubles,Jayson Werth,Philadelphia,46.0
2010,Hits,Carlos Gonzalez,Colorado,197.0
2010,Home Runs,Albert Pujols,St. Louis,42.0
2010,On Base Percentage,Joey Votto,Cincinnati,0.424
2010,RBI,Albert Pujols,St. Louis,118.0
2010,Runs,Albert Pujols,St. Louis,115.0
2010,Slugging Average,Joey Votto,Cincinnati,0.6
2010,Stolen Bases,Michael Bourn,Houston,52.0
2010,Total Bases,Carlos Gonzalez,Colorado,351.0
2010,Triples,Dexter Fowler,Colorado,14.0
2004,Base on Balls,Barry Bonds,San Francisco,232.0
2004,Batting Average,Barry Bonds,San Francisco,0.362
2004,Doubles,Lyle Overbay,Milwaukee,53.0
2004,Hits,Juan Pierre,Florida,221.0
2004,Home Runs,Adrian Beltre,Los Angeles,48.0
2004,On Base Percentage,Barry Bonds,San Francisco,0.609
2004,RBI,Vinny Castilla,Colorado,131.0
2004,Runs,Albert Pujols,St. Louis,133.0
2004,Slugging Average,Barry Bonds,San Francisco,0.812
2004,Stolen Bases,Scott Podsednik,Milwaukee,70.0
2004,Total Bases,Albert Pujols,St. Louis,389.0
2004,Triples,Juan Pierre,Florida,12.0
2005,Base on Balls,Brian Giles,San Diego,119.0
2005,Batting Average,Derrek Lee,Chicago,0.335
2005,Doubles,Derrek Lee,Chicago,50.0
2005,Hits,Derrek Lee,Chicago,199.0
2005,Home Runs,Andruw Jones,Atlanta,51.0
2005,On Base Percentage,Todd Helton,Colorado,0.445
2005,RBI,Andruw Jones,Atlanta,128.0
2005,Runs,Albert Pujols,St. Louis,129.0
2005,Slugging Average,Derrek Lee,Chicago,0.662
2005,Stolen Bases,Jose Reyes,New York,60.0
2005,Total Bases,Derrek Lee,Chicago,393.0
2005,Triples,Jose Reyes,New York,17.0
2011,Base on Balls,Joey Votto,Cincinnati,110.0
2011,Batting Average,Jose Reyes,New York,0.337
2011,Doubles,Joey Votto,Cincinnati,40.0
2011,Hits,Starlin Castro,Chicago,207.0
2011,Home Runs,Matt Kemp,Los Angeles,39.0
2011,On Base Percentage,Joey Votto,Cincinnati,0.416
2011,RBI,Matt Kemp,Los Angeles,126.0
2011,Runs,Matt Kemp,Los Angeles,115.0
2011,Slugging Average,Ryan Braun,Milwaukee,0.597
2011,Stolen Bases,Michael Bourn,Houston / Atlanta,61.0
2011,Total Bases,Matt Kemp,Los Angeles,353.0
2011,Triples,Jose Reyes,New York,16.0
1929,Base on Balls,Mel Ott,New York,113.0
1929,Batting Average,Lefty O'Doul,Philadelphia,0.398
1929,Doubles,Johnny Frederick,Brooklyn,52.0
1929,Hits,Lefty O'Doul,Philadelphia,254.0
1929,Home Runs,Chuck Klein,Philadelphia,43.0
1929,On Base Percentage,Lefty O'Doul,Philadelphia,0.465
1929,RBI,Hack Wilson,Chicago,159.0
1929,Runs,Rogers Hornsby,Chicago,156.0
1929,Slugging Average,Rogers Hornsby,Chicago,0.679
1929,Stolen Bases,Kiki Cuyler,Chicago,43.0
1929,Total Bases,Rogers Hornsby,Chicago,409.0
1929,Triples,Lloyd Waner,Pittsburgh,20.0
1915,Base on Balls,Gavvy Cravath,Philadelphia,86.0
1915,Batting Average,Larry Doyle,New York,0.32
1915,Doubles,Larry Doyle,New York,40.0
1915,Hits,Larry Doyle,New York,189.0
1915,Home Runs,Gavvy Cravath,Philadelphia,24.0
1915,On Base Percentage,Gavvy Cravath,Philadelphia,0.393
1915,RBI,Gavvy Cravath,Philadelphia,115.0
1915,Runs,Gavvy Cravath,Philadelphia,89.0
1915,Slugging Average,Gavvy Cravath,Philadelphia,0.51
1915,Stolen Bases,Max Carey,Pittsburgh,36.0
1915,Total Bases,Gavvy Cravath,Philadelphia,266.0
1915,Triples,Tom Long,St. Louis,25.0
1901,Base on Balls,Roy Thomas,Philadelphia,100.0
1901,Batting Average,Jesse Burkett,St. Louis,0.376
1901,Doubles,Tom Daly,Brooklyn,38.0
1901,Hits,Jesse Burkett,St. Louis,226.0
1901,Home Runs,Sam Crawford,Cincinnati,16.0
1901,On Base Percentage,Jesse Burkett,St. Louis,0.44
1901,RBI,Honus Wagner,Pittsburgh,126.0
1901,Runs,Jesse Burkett,St. Louis,142.0
1901,Slugging Average,Jimmy Sheckard,Brooklyn,0.534
1901,Stolen Bases,Honus Wagner,Pittsburgh,49.0
1901,Total Bases,Jesse Burkett,St. Louis,306.0
1901,Triples,Jimmy Sheckard,Brooklyn,19.0
1939,Base on Balls,Dolph Camilli,Brooklyn,110.0
1939,Batting Average,Johnny Mize,St. Louis,0.349
1939,Doubles,Enos Slaughter,St. Louis,52.0
1939,Hits,Frank McCormick,Cincinnati,209.0
1939,Home Runs,Johnny Mize,St. Louis,28.0
1939,On Base Percentage,Mel Ott,New York,0.449
1939,RBI,Frank McCormick,Cincinnati,128.0
1939,Runs,Billy Werber,Cincinnati,115.0
1939,Slugging Average,Johnny Mize,St. Louis,0.626
1939,Stolen Bases,Stan Hack,Chicago,17.0
1939,Total Bases,Johnny Mize,St. Louis,353.0
1939,Triples,Billy Herman,Chicago,18.0
1905,Base on Balls,Miller Huggins,Cincinnati,103.0
1905,Batting Average,Cy Seymour,Cincinnati,0.377
1905,Doubles,Cy Seymour,Cincinnati,40.0
1905,Hits,Cy Seymour,Cincinnati,219.0
1905,Home Runs,Fred Odwell,Cincinnati,9.0
1905,On Base Percentage,Frank Chance,Chicago,0.45
1905,RBI,Cy Seymour,Cincinnati,121.0
1905,Runs,Mike Donlin,New York,124.0
1905,Slugging Average,Cy Seymour,Cincinnati,0.325
1905,Stolen Bases,Art Devlin,New York,59.0
1905,Total Bases,Cy Seymour,Cincinnati,325.0
1905,Triples,Cy Seymour,Cincinnati,21.0
1911,Base on Balls,Jimmy Sheckard,Chicago,147.0
1911,Batting Average,Honus Wagner,Pittsburgh,0.334
1911,Doubles,Ed Konetchy,St. Louis,38.0
1911,Hits,Doc Miller,Boston,192.0
1911,Home Runs,Frank Schulte,Chicago,21.0
1911,On Base Percentage,Jimmy Sheckard,Chicago,0.434
1911,RBI,Frank Schulte,Chicago,107.0
1911,Runs,Jimmy Sheckard,Chicago,121.0
1911,Slugging Average,Frank Schulte,Chicago,0.534
1911,Stolen Bases,Bob Bescher,Cincinnati,81.0
1911,Total Bases,Frank Schulte,Chicago,308.0
1911,Triples,Larry Doyle,New York,25.0
2015,Base on Balls,Joey Votto,Cincinnati,143.0
2015,Batting Average,Dee Gordon,Miami,0.333
2015,Doubles,Matt Carpenter,St. Louis,44.0
2015,Hits,Dee Gordon,Miami,205.0
2015,Home Runs,Nolan Arenado,Colorado,42.0
2015,On Base Percentage,Bryce Harper,Washington,0.46
2015,RBI,Nolan Arenado,Colorado,130.0
2015,Runs,Bryce Harper,Washington,118.0
2015,Slugging Average,Bryce Harper,Washington,0.649
2015,Stolen Bases,Dee Gordon,Miami,58.0
2015,Total Bases,Nolan Arenado,Colorado,354.0
2015,Triples,David Peralta,Arizona,10.0
2001,Base on Balls,Barry Bonds,San Francisco,177.0
2001,Batting Average,Larry Walker,Colorado,0.35
2001,Doubles,Lance Berkman,Houston,55.0
2001,Hits,Rich Aurilia,San Francisco,206.0
2001,Home Runs,Barry Bonds,San Francisco,73.0
2001,On Base Percentage,Barry Bonds,San Francisco,0.515
2001,RBI,Sammy Sosa,Chicago,160.0
2001,Runs,Sammy Sosa,Chicago,146.0
2001,Slugging Average,Barry Bonds,San Francisco,0.863
2001,Stolen Bases,Juan Pierre,Colorado,46.0
2001,Total Bases,Sammy Sosa,Chicago,425.0
2001,Triples,Jimmy Rollins,Philadelphia,12.0
2000,Base on Balls,Barry Bonds,San Francisco,117.0
2000,Batting Average,Todd Helton,Colorado,0.372
2000,Doubles,Todd Helton,Colorado,59.0
2000,Hits,Todd Helton,Colorado,216.0
2000,Home Runs,Sammy Sosa,Chicago,50.0
2000,On Base Percentage,Todd Helton,Colorado,0.463
2000,RBI,Todd Helton,Colorado,147.0
2000,Runs,Jeff Bagwell,Houston,152.0
2000,Slugging Average,Todd Helton,Colorado,0.698
2000,Stolen Bases,Luis Castillo,Florida,62.0
2000,Total Bases,Todd Helton,Colorado,405.0
2000,Triples,Tony Womack,Arizona,14.0
2014,Base on Balls,Matt Carpenter,St. Louis,95.0
2014,Batting Average,Justin Morneau,Colorado,0.319
2014,Doubles,Jonathan Lucroy,Milwaukee,53.0
2014,Hits,Ben Revere,Philadelphia,184.0
2014,Home Runs,Giancarlo Stanton,Miami,37.0
2014,On Base Percentage,Andrew McCutchen,Pittsburgh,0.41
2014,RBI,Adrian Gonzalez,Los Angeles,116.0
2014,Runs,Anthony Rendon,Washington,111.0
2014,Slugging Average,Giancarlo Stanton,Miami,0.555
2014,Stolen Bases,Dee Strange-Gordon,Los Angeles,64.0
2014,Total Bases,Giancarlo Stanton,Miami,299.0
2014,Triples,Dee Strange-Gordon,Los Angeles,12.0
1910,Base on Balls,Miller Huggins,St. Louis,116.0
1910,Batting Average,Sherry Magee,Philadelphia,0.331
1910,Doubles,Bobby Byrne,Pittsburgh,43.0
1910,Hits,Bobby Byrne,Pittsburgh,178.0
1910,Home Runs,Fred Beck,Boston,10.0
1910,On Base Percentage,Sherry Magee,Philadelphia,0.445
1910,RBI,Sherry Magee,Philadelphia,123.0
1910,Runs,Sherry Magee,Philadelphia,110.0
1910,Slugging Average,Sherry Magee,Philadelphia,0.507
1910,Stolen Bases,Bob Bescher,Cincinnati,70.0
1910,Total Bases,Sherry Magee,Philadelphia,263.0
1910,Triples,Mike Mitchell,Cincinnati,18.0
1904,Base on Balls,Roy Thomas,Philadelphia,102.0
1904,Batting Average,Honus Wagner,Pittsburgh,0.349
1904,Doubles,Honus Wagner,Pittsburgh,44.0
1904,Hits,Ginger Beaumont,Pittsburgh,185.0
1904,Home Runs,Harry Lumley,Brooklyn,9.0
1904,On Base Percentage,Honus Wagner,Pittsburgh,0.423
1904,RBI,Bill Dahlen,New York,80.0
1904,Runs,George Browne,New York,99.0
1904,Slugging Average,Honus Wagner,Pittsburgh,0.52
1904,Stolen Bases,Honus Wagner,Pittsburgh,53.0
1904,Total Bases,Honus Wagner,Pittsburgh,255.0
1904,Triples,Harry Lumley,Brooklyn,18.0
1938,Base on Balls,Dolph Camilli,Brooklyn,119.0
1938,Batting Average,Ernie Lombardi,Cincinnati,0.342
1938,Doubles,Joe Medwick,St. Louis,47.0
1938,Hits,Frank McCormick,Cincinnati,209.0
1938,Home Runs,Mel Ott,New York,36.0
1938,On Base Percentage,Mel Ott,New York,0.442
1938,RBI,Joe Medwick,St. Louis,122.0
1938,Runs,Mel Ott,New York,116.0
1938,Slugging Average,Johnny Mize,St. Louis,0.614
1938,Stolen Bases,Stan Hack,Chicago,16.0
1938,Total Bases,Johnny Mize,St. Louis,326.0
1938,Triples,Johnny Mize,St. Louis,16.0
1912,Base on Balls,Jimmy Sheckard,Chicago,122.0
1912,Batting Average,Heinie Zimmerman,Chicago,0.372
1912,Doubles,Heinie Zimmerman,Chicago,41.0
1912,Hits,Heinie Zimmerman,Chicago,207.0
1912,Home Runs,Heinie Zimmerman,Chicago,14.0
1912,On Base Percentage,Johnny Evers,Chicago,0.431
1912,RBI,Honus Wagner,Pittsburgh,102.0
1912,Runs,Bob Bescher,Cincinnati,120.0
1912,Slugging Average,Heinie Zimmerman,Chicago,0.571
1912,Stolen Bases,Bob Bescher,Cincinnati,67.0
1912,Total Bases,Heinie Zimmerman,Chicago,318.0
1912,Triples,Chief Wilson,Pittsburgh,36.0
1906,Base on Balls,Roy Thomas,Philadelphia,107.0
1906,Batting Average,Honus Wagner,Pittsburgh,0.339
1906,Doubles,Honus Wagner,Pittsburgh,38.0
1906,Hits,Harry Steinfeldt,Chicago,176.0
1906,Home Runs,Tim Jordan,Brooklyn,12.0
1906,On Base Percentage,Roger Bresnahan,New York,0.419
1906,RBI,Jim Nealon,Pittsburgh,83.0
1906,Runs,Frank Chance,Chicago,103.0
1906,Slugging Average,Harry Lumley,Brooklyn,0.477
1906,Stolen Bases,Frank Chance,Chicago,57.0
1906,Total Bases,Honus Wagner,Pittsburgh,237.0
1906,Triples,Fred Clarke,Pittsburgh,13.0
2002,Base on Balls,Barry Bonds,San Francisco,198.0
2002,Batting Average,Barry Bonds,San Francisco,0.37
2002,Doubles,Bobby Abreu,Philadelphia,50.0
2002,Hits,Vladimir Guerrero,Montreal,206.0
2002,Home Runs,Sammy Sosa,Chicago,49.0
2002,On Base Percentage,Barry Bonds,San Francisco,0.582
2002,RBI,Lance Berkman,Houston,128.0
2002,Runs,Sammy Sosa,Chicago,122.0
2002,Slugging Average,Barry Bonds,San Francisco,0.799
2002,Stolen Bases,Luis Castillo,Florida,48.0
2002,Total Bases,Vladimir Guerrero,Montreal,364.0
2002,Triples,Jimmy Rollins,Philadelphia,10.0
2016,Base on Balls,Paul Goldschmidt,Arizona,110.0
2016,Batting Average,DJ LeMahieu,Colorado,0.348
2016,Doubles,Daniel Murphy,Washington,47.0
2016,Hits,Jean Segura,Arizona,203.0
2016,Home Runs,Nolan Arenado,Colorado,41.0
2016,On Base Percentage,Joey Votto,Cincinnati,0.434
2016,RBI,Nolan Arenado,Colorado,133.0
2016,Runs,Kris Bryant,Chicago,121.0
2016,Slugging Average,Daniel Murphy,Washington,0.595
2016,Stolen Bases,Jonathan Villar,Milwaukee,62.0
2016,Total Bases,Nolan Arenado,Colorado,352.0
2016,Triples,Brandon Crawford,San Francisco,11.0
1899,Base on Balls,John McGraw,Baltimore,124.0
1899,Batting Average,Ed Delahanty,Philadelphia,0.41
1899,Doubles,Ed Delahanty,Philadelphia,55.0
1899,Hits,Ed Delahanty,Philadelphia,238.0
1899,Home Runs,Buck Freeman,Washington,25.0
1899,On Base Percentage,John McGraw,Baltimore,0.547
1899,RBI,Ed Delahanty,Philadelphia,137.0
1899,Runs,Willie Keeler,Brooklyn,140.0
1899,Slugging Average,Ed Delahanty,Philadelphia,0.582
1899,Stolen Bases,Jimmy Sheckard,Baltimore,77.0
1899,Total Bases,Ed Delahanty,Philadelphia,338.0
1899,Triples,Jimmy Williams,Pittsburgh,27.0
1898,Base on Balls,John McGraw,Baltimore,112.0
1898,Batting Average,Willie Keeler,Baltimore,0.385
1898,Doubles,Nap Lajoie,Philadelphia,43.0
1898,Hits,Willie Keeler,Baltimore,216.0
1898,Home Runs,Jimmy Collins,Boston,15.0
1898,On Base Percentage,Billy Hamilton,Boston,0.48
1898,RBI,Nap Lajoie,Philadelphia,127.0
1898,Runs,John McGraw,Baltimore,143.0
1898,Slugging Average,John Anderson,Brooklyn,0.494
1898,Stolen Bases,Ed Delahanty,Philadelphia,58.0
1898,Total Bases,Jimmy Collins,Boston,286.0
1898,Triples,John Anderson,Brooklyn,22.0
2017,Base on Balls,Joey Votto,Cincinnati Reds,134.0
2017,Batting Average,Charlie Blackmon,Colorado Rockies,0.331
2017,Doubles,Nolan Arenado,Colorado Rockies,43.0
2017,Hits,Charlie Blackmon,Colorado Rockies,213.0
2017,Home Runs,Giancarlo Stanton,Miami Marlins,59.0
2017,On Base Percentage,Joey Votto,Cincinnati Reds,0.454
2017,RBI,Giancarlo Stanton,Miami Marlins,132.0
2017,Runs,Charlie Blackmon,Colorado Rockies,137.0
2017,Slugging Average,Giancarlo Stanton,Miami Marlins,0.631
2017,Stolen Bases,Dee Gordon,Miami Marlins,60.0
2017,Total Bases,Charlie Blackmon,Colorado Rockies,387.0
2017,Triples,Charlie Blackmon,Colorado Rockies,14.0
2003,Base on Balls,Barry Bonds,San Francisco,148.0
2003,Batting Average,Albert Pujols,St. Louis,0.359
2003,Doubles,Albert Pujols,St. Louis,51.0
2003,Hits,Albert Pujols,St. Louis,212.0
2003,Home Runs,Jim Thome,Philadelphia,47.0
2003,On Base Percentage,Barry Bonds,San Francisco,0.529
2003,RBI,Preston Wilson,Colorado,141.0
2003,Runs,Albert Pujols,St. Louis,137.0
2003,Slugging Average,Barry Bonds,San Francisco,0.749
2003,Stolen Bases,Juan Pierre,Florida,45.0
2003,Total Bases,Albert Pujols,St. Louis,394.0
2003,Triples,Steve Finley,Arizona,10.0
1907,Base on Balls,Miller Huggins,Cincinnati,83.0
1907,Batting Average,Honus Wagner,Pittsburgh,0.35
1907,Doubles,Honus Wagner,Pittsburgh,38.0
1907,Hits,Ginger Beaumont,Boston,187.0
1907,Home Runs,Dave Brain,Boston,10.0
1907,On Base Percentage,Honus Wagner,Pittsburgh,0.408
1907,RBI,Sherry Magee,Philadelphia,85.0
1907,Runs,Spike Shannon,New York,104.0
1907,Slugging Average,Honus Wagner,Pittsburgh,0.513
1907,Stolen Bases,Honus Wagner,Pittsburgh,61.0
1907,Total Bases,Honus Wagner,Pittsburgh,264.0
1907,Triples,Whitey Alperman,Brooklyn,16.0
1913,Base on Balls,Bob Bescher,Cincinnati,94.0
1913,Batting Average,Jake Daubert,Brooklyn,0.35
1913,Doubles,Red Smith,Brooklyn,40.0
1913,Hits,Gavvy Cravath,Philadelphia,179.0
1913,Home Runs,Gavvy Cravath,Philadelphia,19.0
1913,On Base Percentage,Miller Huggins,St. Louis,0.432
1913,RBI,Gavvy Cravath,Philadelphia,128.0
1913,Runs,Max Carey,Pittsburgh,99.0
1913,Slugging Average,Gavvy Cravath,Philadelphia,0.568
1913,Stolen Bases,Max Carey,Pittsburgh,61.0
1913,Total Bases,Gavvy Cravath,Philadelphia,298.0
1913,Triples,Vic Saier,Chicago,21.0
1974,Base on Balls,Darrell Evans,Atlanta,126.0
1974,Batting Average,Ralph Garr,Atlanta,0.353
1974,Doubles,Pete Rose,Cincinnati,45.0
1974,Hits,Ralph Garr,Atlanta,214.0
1974,Home Runs,Mike Schmidt,Philadelphia,36.0
1974,On Base Percentage,Joe Morgan,Cincinnati,0.43
1974,RBI,Johnny Bench,Cincinnati,129.0
1974,Runs,Pete Rose,Cincinnati,110.0
1974,Slugging Average,Mike Schmidt,Philadelphia,0.546
1974,Stolen Bases,Lou Brock,St. Louis,118.0
1974,Total Bases,Johnny Bench,Cincinnati,315.0
1974,Triples,Ralph Garr,Atlanta,17.0
1960,Base on Balls,Richie Ashburn,Chicago,116.0
1960,Batting Average,Dick Groat,Pittsburgh,0.325
1960,Doubles,Vada Pinson,Cincinnati,37.0
1960,Hits,Willie Mays,San Francisco,190.0
1960,Home Runs,Ernie Banks,Chicago,41.0
1960,On Base Percentage,Richie Ashburn,Chicago,0.416
1960,RBI,Hank Aaron,Milwaukee,126.0
1960,Runs,Bill Bruton,Milwaukee,112.0
1960,Slugging Average,Frank Robinson,Cincinnati,0.595
1960,Stolen Bases,Maury Wills,Los Angeles,50.0
1960,Total Bases,Hank Aaron,Milwaukee,334.0
1960,Triples,Bill Bruton,Milwaukee,13.0
1948,Base on Balls,Bob Elliott,Boston,131.0
1948,Batting Average,Stan Musial,St. Louis,0.376
1948,Doubles,Stan Musial,St. Louis,46.0
1948,Hits,Stan Musial,St. Louis,230.0
1948,Home Runs,Ralph Kiner,Pittsburgh,40.0
1948,On Base Percentage,Stan Musial,St. Louis,0.45
1948,RBI,Stan Musial,St. Louis,131.0
1948,Runs,Stan Musial,St. Louis,135.0
1948,Slugging Average,Stan Musial,St. Louis,0.702
1948,Stolen Bases,Richie Ashburn,Philadelphia,32.0
1948,Total Bases,Stan Musial,St. Louis,429.0
1948,Triples,Stan Musial,St. Louis,18.0
1949,Base on Balls,Ralph Kiner,Pittsburgh,117.0
1949,Batting Average,Jackie Robinson,Brooklyn,0.342
1949,Doubles,Stan Musial,St. Louis,41.0
1949,Hits,Stan Musial,St. Louis,207.0
1949,Home Runs,Ralph Kiner,Pittsburgh,54.0
1949,On Base Percentage,Stan Musial,St. Louis,0.438
1949,RBI,Ralph Kiner,Pittsburgh,127.0
1949,Runs,Pee Wee Reese,Brooklyn,132.0
1949,Slugging Average,Ralph Kiner,Pittsburgh,0.658
1949,Stolen Bases,Jackie Robinson,Brooklyn,37.0
1949,Total Bases,Stan Musial,St. Louis,382.0
1949,Triples,Stan Musial,St. Louis,13.0
1961,Base on Balls,Eddie Mathews,Milwaukee,93.0
1961,Batting Average,Roberto Clemente,Pittsburgh,0.351
1961,Doubles,Hank Aaron,Milwaukee,39.0
1961,Hits,Vada Pinson,Cincinnati,208.0
1961,Home Runs,Orlando Cepeda,San Francisco,46.0
1961,On Base Percentage,Wally Moon,Los Angeles,0.438
1961,RBI,Orlando Cepeda,San Francisco,142.0
1961,Runs,Willie Mays,San Francisco,129.0
1961,Slugging Average,Frank Robinson,Cincinnati,0.611
1961,Stolen Bases,Maury Wills,Los Angeles,35.0
1961,Total Bases,Hank Aaron,Milwaukee,358.0
1961,Triples,George Altman,Chicago,12.0
1975,Base on Balls,Joe Morgan,Cincinnati,132.0
1975,Batting Average,Bill Madlock,Chicago,0.354
1975,Doubles,Pete Rose,Cincinnati,47.0
1975,Hits,Dave Cash,Philadelphia,213.0
1975,Home Runs,Mike Schmidt,Philadelphia,38.0
1975,On Base Percentage,Joe Morgan,Cincinnati,0.471
1975,RBI,Greg Luzinski,Philadelphia,120.0
1975,Runs,Pete Rose,Cincinnati,112.0
1975,Slugging Average,Dave Parker,Pittsburgh,0.541
1975,Stolen Bases,Davey Lopes,Los Angeles,77.0
1975,Total Bases,Greg Luzinski,Philadelphia,322.0
1975,Triples,Ralph Garr,Atlanta,11.0
1988,Base on Balls,Will Clark,San Francisco,100.0
1988,Batting Average,Tony Gwynn,San Diego,0.313
1988,Doubles,Andres Galarraga,Montreal,42.0
1988,Hits,Andres Galarraga,Montreal,184.0
1988,Home Runs,Darryl Strawberry,New York,39.0
1988,On Base Percentage,Kal Daniels,Cincinnati,0.4
1988,RBI,Will Clark,San Francisco,109.0
1988,Runs,Brett Butler,San Francisco,109.0
1988,Slugging Average,Darryl Strawberry,New York,0.545
1988,Stolen Bases,Vince Coleman,St. Louis,81.0
1988,Total Bases,Andres Galarraga,Montreal,329.0
1988,Triples,Andy Van Slyke,Pittsburgh,15.0
1963,Base on Balls,Eddie Mathews,Milwaukee,124.0
1963,Batting Average,Tommy Davis,Los Angeles,0.326
1963,Doubles,Dick Groat,St. Louis,43.0
1963,Hits,Vada Pinson,Cincinnati,204.0
1963,Home Runs,Hank Aaron,Milwaukee,44.0
1963,On Base Percentage,Eddie Mathews,Milwaukee,0.4
1963,RBI,Hank Aaron,Milwaukee,130.0
1963,Runs,Hank Aaron,Milwaukee,121.0
1963,Slugging Average,Hank Aaron,Milwaukee,0.586
1963,Stolen Bases,Maury Wills,Los Angeles,40.0
1963,Total Bases,Hank Aaron,Milwaukee,370.0
1963,Triples,Vada Pinson,Cincinnati,14.0
1977,Base on Balls,Gene Tenace,San Diego,125.0
1977,Batting Average,Dave Parker,Pittsburgh,0.338
1977,Doubles,Dave Parker,Pittsburgh,44.0
1977,Hits,Dave Parker,Pittsburgh,215.0
1977,Home Runs,George Foster,Cincinnati,52.0
1977,On Base Percentage,Reggie Smith,Los Angeles,0.432
1977,RBI,George Foster,Cincinnati,149.0
1977,Runs,George Foster,Cincinnati,124.0
1977,Slugging Average,George Foster,Cincinnati,0.631
1977,Stolen Bases,Frank Taveras,Pittsburgh,70.0
1977,Total Bases,George Foster,Cincinnati,388.0
1977,Triples,GarryTempleton,St. Louis,18.0
1976,Base on Balls,Jimmy Wynn,Atlanta,127.0
1976,Batting Average,Bill Madlock,Chicago,0.339
1976,Doubles,Pete Rose,Cincinnati,42.0
1976,Hits,Pete Rose,Cincinnati,215.0
1976,Home Runs,Mike Schmidt,Philadelphia,38.0
1976,On Base Percentage,Joe Morgan,Cincinnati,0.453
1976,RBI,George Foster,Cincinnati,121.0
1976,Runs,Pete Rose,Cincinnati,130.0
1976,Slugging Average,Joe Morgan,Cincinnati,0.576
1976,Stolen Bases,Davey Lopes,Los Angeles,63.0
1976,Total Bases,Mike Schmidt,Philadelphia,306.0
1976,Triples,Dave Cash,Philadelphia,12.0
1962,Base on Balls,Eddie Mathews,Milwaukee,101.0
1962,Batting Average,Tommy Davis,Los Angeles,0.346
1962,Doubles,Frank Robinson,Cincinnati,51.0
1962,Hits,Tommy Davis,Los Angeles,230.0
1962,Home Runs,Willie Mays,San Francisco,49.0
1962,On Base Percentage,Frank Robinson,Cincinnati,0.424
1962,RBI,Tommy Davis,Los Angeles,153.0
1962,Runs,Frank Robinson,Cincinnati,134.0
1962,Slugging Average,Frank Robinson,Cincinnati,0.624
1962,Stolen Bases,Maury Wills,Los Angeles,104.0
1962,Total Bases,Willie Mays,San Francisco,382.0
1962,Triples,JohnnyCallison,Philadelphia,10.0
1989,Base on Balls,Jack Clark,San Diego,132.0
1989,Batting Average,Tony Gwynn,San Diego,0.336
1989,Doubles,Pedro Guerrero,St. Louis,42.0
1989,Hits,Tony Gwynn,San Diego,203.0
1989,Home Runs,Kevin Mitchell,San Francisco,47.0
1989,On Base Percentage,Lonnie Smith,Atlanta,0.42
1989,RBI,Kevin Mitchell,San Francisco,125.0
1989,Runs,Howard Johnson,New York,104.0
1989,Slugging Average,Kevin Mitchell,San Francisco,0.635
1989,Stolen Bases,Vince Coleman,St. Louis,65.0
1989,Total Bases,Kevin Mitchell,San Francisco,345.0
1989,Triples,Robby Thompson,San Francisco,11.0
1999,Base on Balls,Jeff Bagwell,Houston,149.0
1999,Batting Average,Larry Walker,Colorado,0.379
1999,Doubles,Craig Biggio,Houston,56.0
1999,Hits,Luis Gonzalez,Arizona,206.0
1999,Home Runs,Mark McGwire,St. Louis,65.0
1999,On Base Percentage,Larry Walker,Colorado,0.458
1999,RBI,Mark McGwire,St. Louis,147.0
1999,Runs,Jeff Bagwell,Houston,143.0
1999,Slugging Average,Larry Walker,Colorado,0.71
1999,Stolen Bases,Tony Womack,Arizona,72.0
1999,Total Bases,Sammy Sosa,Chicago,397.0
1999,Triples,Bobby Abreu,Philadelphia,11.0
1966,Base on Balls,Ron Santo,Chicago,95.0
1966,Batting Average,Matty Alou,Pittsburgh,0.342
1966,Doubles,Johnny Callison,Philadelphia,40.0
1966,Hits,Felipe Alou,Atlanta,218.0
1966,Home Runs,Hank Aaron,Atlanta,44.0
1966,On Base Percentage,Ron Santo,Chicago,0.417
1966,RBI,Hank Aaron,Atlanta,127.0
1966,Runs,Felipe Alou,Atlanta,122.0
1966,Slugging Average,Dick Allen,Philadelphia,0.632
1966,Stolen Bases,Lou Brock,St. Louis,74.0
1966,Total Bases,Felipe Alou,Atlanta,355.0
1966,Triples,Tim McCarver,St. Louis,13.0
1972,Base on Balls,Joe Morgan,Cincinnati,115.0
1972,Batting Average,Billy Williams,Chicago,0.333
1972,Doubles,Cesar Cedeno,Houston,39.0
1972,Hits,Pete Rose,Cincinnati,198.0
1972,Home Runs,Johnny Bench,Cincinnati,40.0
1972,On Base Percentage,Joe Morgan,Cincinnati,0.419
1972,RBI,Johnny Bench,Cincinnati,125.0
1972,Runs,Joe Morgan,Cincinnati,122.0
1972,Slugging Average,Billy Williams,Chicago,0.606
1972,Stolen Bases,Lou Brock,St. Louis,63.0
1972,Total Bases,Billy Williams,Chicago,348.0
1972,Triples,Larry Bowa,Philadelphia,13.0
1973,Base on Balls,Darrell Evans,Atlanta,124.0
1973,Batting Average,Pete Rose,Cincinnati,0.338
1973,Doubles,Willie Stargell,Pittsburgh,43.0
1973,Hits,Pete Rose,Cincinnati,230.0
1973,Home Runs,Willie Stargell,Pittsburgh,44.0
1973,On Base Percentage,Ken Singleton,Montreal,0.429
1973,RBI,Willie Stargell,Pittsburgh,119.0
1973,Runs,Bobby Bonds,San Francisco,131.0
1973,Slugging Average,Willie Stargell,Pittsburgh,0.646
1973,Stolen Bases,Lou Brock,St. Louis,70.0
1973,Total Bases,Bobby Bonds,San Francisco,341.0
1973,Triples,Roger Metzger,Houston,14.0
1967,Base on Balls,Ron Santo,Chicago,96.0
1967,Batting Average,Roberto Clemente,Pittsburgh,0.357
1967,Doubles,Rusty Staub,Houston,44.0
1967,Hits,Roberto Clemente,Pittsburgh,209.0
1967,Home Runs,Hank Aaron,Atlanta,37.0
1967,On Base Percentage,Dick Allen,Philadelphia,0.404
1967,RBI,Orlando Cepeda,St. Louis,111.0
1967,Runs,Hank Aaron,Atlanta,113.0
1967,Slugging Average,Hank Aaron,Atlanta,0.573
1967,Stolen Bases,Lou Brock,St. Louis,52.0
1967,Total Bases,Hank Aaron,Atlanta,344.0
1967,Triples,Vada Pinson,Cincinnati,13.0
1998,Base on Balls,Mark McGwire,St. Louis,162.0
1998,Batting Average,Larry Walker,Colorado,0.363
1998,Doubles,Craig Biggio,Houston,51.0
1998,Hits,Dante Bichette,Colorado,219.0
1998,Home Runs,Mark McGwire,St. Louis,70.0
1998,On Base Percentage,Mark McGwire,St. Louis,0.473
1998,RBI,Sammy Sosa,Chicago,158.0
1998,Runs,Sammy Sosa,Chicago,134.0
1998,Slugging Average,Mark McGwire,St. Louis,0.752
1998,Stolen Bases,Tony Womack,Pittsburgh,58.0
1998,Total Bases,Sammy Sosa,Chicago,416.0
1998,Triples,David Dellucci,Arizona,12.0
1959,Base on Balls,Jim Gilliam,Los Angeles,96.0
1959,Batting Average,Hank Aaron,Milwaukee,0.355
1959,Doubles,Vada Pinson,Cincinnati,47.0
1959,Hits,Hank Aaron,Milwaukee,223.0
1959,Home Runs,Eddie Mathews,Milwaukee,46.0
1959,On Base Percentage,Joe Cunningham,St. Louis,0.453
1959,RBI,Ernie Banks,Chicago,143.0
1959,Runs,Vada Pinson,Cincinnati,131.0
1959,Slugging Average,Hank Aaron,Milwaukee,0.636
1959,Stolen Bases,Willie Mays,San Francisco,27.0
1959,Total Bases,Hank Aaron,Milwaukee,400.0
1959,Triples,Wally Moon,Los Angeles,11.0
1971,Base on Balls,Willie Mays,San Francisco,112.0
1971,Batting Average,Joe Torre,St. Louis,0.363
1971,Doubles,Cesar Cedeno,Houston,40.0
1971,Hits,Joe Torre,St. Louis,230.0
1971,Home Runs,Willie Stargell,Pittsburgh,48.0
1971,On Base Percentage,Willie Mays,San Francisco,0.429
1971,RBI,Joe Torre,St. Louis,137.0
1971,Runs,Lou Brock,St. Louis,126.0
1971,Slugging Average,Hank Aaron,Atlanta,0.669
1971,Stolen Bases,Lou Brock,St. Louis,64.0
1971,Total Bases,Joe Torre,St. Louis,352.0
1971,Triples,Roger Metzger,Houston,11.0
1965,Base on Balls,Joe Morgan,Houston,97.0
1965,Batting Average,Roberto Clemente,Pittsburgh,0.329
1965,Doubles,Hank Aaron,Milwaukee,40.0
1965,Hits,Pete Rose,Cincinnati,209.0
1965,Home Runs,Willie Mays,San Francisco,52.0
1965,On Base Percentage,Willie Mays,San Francisco,0.399
1965,RBI,Deron Johnson,Cincinnati,130.0
1965,Runs,Tommy Harper,Cincinnati,126.0
1965,Slugging Average,Willie Mays,San Francisco,0.645
1965,Stolen Bases,Maury Wills,Los Angeles,94.0
1965,Total Bases,Willie Mays,San Francisco,360.0
1965,Triples,Johnny Callison,Philadelphia,16.0
1964,Base on Balls,Ron Santo,Chicago,86.0
1964,Batting Average,Roberto Clemente,Pittsburgh,0.339
1964,Doubles,Lee Maye,Milwaukee,44.0
1964,Hits,Roberto Clemente,Pittsburgh,211.0
1964,Home Runs,Willie Mays,San Francisco,47.0
1964,On Base Percentage,Ron Santo,Chicago,0.401
1964,RBI,Ken Boyer,St. Louis,119.0
1964,Runs,Dick Allen,Philadelphia,125.0
1964,Slugging Average,Willie Mays,San Francisco,0.607
1964,Stolen Bases,Maury Wills,Los Angeles,53.0
1964,Total Bases,Dick Allen,Philadelphia,352.0
1964,Triples,Dick Allen,Philadelphia,13.0
1970,Base on Balls,Willie McCovey,San Francisco,137.0
1970,Batting Average,Rico Carty,Atlanta,0.366
1970,Doubles,Wes Parker,Los Angeles,47.0
1970,Hits,Pete Rose,Cincinnati,205.0
1970,Home Runs,Johnny Bench,Cincinnati,45.0
1970,On Base Percentage,Rico Carty,Atlanta,0.456
1970,RBI,Johnny Bench,Cincinnati,148.0
1970,Runs,Billy Williams,Chicago,137.0
1970,Slugging Average,Willie McCovey,San Francisco,0.612
1970,Stolen Bases,Bobby Tolan,Cincinnati,57.0
1970,Total Bases,Billy Williams,Chicago,373.0
1970,Triples,Willie Davis,Los Angeles,16.0
1958,Base on Balls,Richie Ashburn,Philadelphia,97.0
1958,Batting Average,Richie Ashburn,Philadelphia,0.35
1958,Doubles,Orlando Cepeda,San Francisco,38.0
1958,Hits,Richie Ashburn,Philadelphia,215.0
1958,Home Runs,Ernie Banks,Chicago,47.0
1958,On Base Percentage,Richie Ashburn,Philadelphia,0.44
1958,RBI,Ernie Banks,Chicago,129.0
1958,Runs,Willie Mays,San Francisco,121.0
1958,Slugging Average,Ernie Banks,Chicago,0.614
1958,Stolen Bases,Willie Mays,San Francisco,31.0
1958,Total Bases,Ernie Banks,Chicago,379.0
1958,Triples,Richie Ashburn,Philadelphia,13.0
1996,Base on Balls,Barry Bonds,San Francisco,151.0
1996,Batting Average,Tony Gwynn,San Diego,0.353
1996,Doubles,Jeff Bagwell,Houston,48.0
1996,Hits,Lance Johnson,New York,227.0
1996,Home Runs,Andres Galarraga,Colorado,47.0
1996,On Base Percentage,Gary Sheffield,Florida,0.469
1996,RBI,Andres Galarraga,Colorado,150.0
1996,Runs,Ellis Burks,Colorado,142.0
1996,Slugging Average,Ellis Burks,Colorado,0.639
1996,Stolen Bases,Eric Young,Colorado,53.0
1996,Total Bases,Ellis Burks,Colorado,392.0
1996,Triples,Lance Johnson,New York,21.0
1982,Base on Balls,Mike Schmidt,Philadelphia,107.0
1982,Batting Average,Al Oliver,Montreal,0.331
1982,Doubles,Al Oliver,Montreal,43.0
1982,Hits,Al Oliver,Montreal,204.0
1982,Home Runs,Dave Kingman,New York,37.0
1982,On Base Percentage,Mike Schmidt,Philadelphia,0.407
1982,RBI,Dale Murphy,Atlanta,109.0
1982,Runs,Lonnie Smith,St. Louis,120.0
1982,Slugging Average,Mike Schmidt,Philadelphia,0.547
1982,Stolen Bases,Tim Raines,Montreal,78.0
1982,Total Bases,Al Oliver,Montreal,317.0
1982,Triples,Dickie Thon,Houston,10.0
1955,Base on Balls,Eddie Mathews,Milwaukee,109.0
1955,Batting Average,Richie Ashburn,Philadelphia,0.338
1955,Doubles,Hank Aaron,Milwaukee,37.0
1955,Hits,Ted Kluszewski,Cincinnati,192.0
1955,Home Runs,Willie Mays,New York,51.0
1955,On Base Percentage,Richie Ashburn,Philadelphia,0.449
1955,RBI,Duke Snider,Brooklyn,136.0
1955,Runs,Duke Snider,Brooklyn,126.0
1955,Slugging Average,Willie Mays,New York,0.659
1955,Stolen Bases,Bill Bruton,Milwaukee,25.0
1955,Total Bases,Willie Mays,New York,382.0
1955,Triples,Dale Long,Pittsburgh,13.0
1941,Base on Balls,Elbie Fletcher,Pittsburgh,118.0
1941,Batting Average,Pete Reiser,Brooklyn,0.343
1941,Doubles,Johnny Mize,St. Louis,39.0
1941,Hits,Stan Hack,Chicago,186.0
1941,Home Runs,Dolph Camilli,Brooklyn,34.0
1941,On Base Percentage,Elbie Fletcher,Pittsburgh,0.421
1941,RBI,Dolph Camilli,Brooklyn,120.0
1941,Runs,Pete Reiser,Brooklyn,117.0
1941,Slugging Average,Pete Reiser,Brooklyn,0.558
1941,Stolen Bases,Danny Murtaugh,Pittsburgh,18.0
1941,Total Bases,Pete Reiser,Brooklyn,299.0
1941,Triples,Pete Reiser,Brooklyn,17.0
1969,Base on Balls,Jimmy Wynn,Houston,148.0
1969,Batting Average,Pete Rose,Cincinnati,0.348
1969,Doubles,Matty Alou,Pittsburgh,41.0
1969,Hits,Matty Alou,Pittsburgh,231.0
1969,Home Runs,Willie McCovey,San Francisco,45.0
1969,On Base Percentage,Willie McCovey,San Francisco,0.458
1969,RBI,Willie McCovey,San Francisco,126.0
1969,Runs,Bobby Bonds,San Francisco,120.0
1969,Slugging Average,Willie McCovey,San Francisco,0.656
1969,Stolen Bases,Lou Brock,St. Louis,53.0
1969,Total Bases,Hank Aaron,Atlanta,332.0
1969,Triples,Roberto Clemente,Pittsburgh,12.0
1968,Base on Balls,Ron Santo,Chicago,96.0
1968,Batting Average,Pete Rose,Cincinnati,335.0
1968,Doubles,Lou Brock,St. Louis,46.0
1968,Hits,Felipe Alou,Atlanta,210.0
1968,Home Runs,Willie McCovey,San Francisco,36.0
1968,On Base Percentage,Pete Rose,Cincinnati,0.394
1968,RBI,Willie McCovey,San Francisco,105.0
1968,Runs,Glenn Beckert,Chicago,98.0
1968,Slugging Average,Willie McCovey,San Francisco,0.545
1968,Stolen Bases,Lou Brock,St. Louis,62.0
1968,Total Bases,Billy Williams,Chicago,321.0
1968,Triples,Lou Brock,St. Louis,14.0
1940,Base on Balls,Elbie Fletcher,Pittsburgh,119.0
1940,Batting Average,Stan Hack,Chicago,0.317
1940,Doubles,Frank McCormick,Cincinnati,44.0
1940,Hits,Stan Hack,Chicago,191.0
1940,Home Runs,Johnny Mize,St. Louis,43.0
1940,On Base Percentage,Elbie Fletcher,Pittsburgh,0.418
1940,RBI,Johnny Mize,St. Louis,137.0
1940,Runs,Arky Vaughan,Pittsburgh,113.0
1940,Slugging Average,Johnny Mize,St. Louis,0.636
1940,Stolen Bases,Lonny Frey,Cincinnati,22.0
1940,Total Bases,Johnny Mize,St. Louis,368.0
1940,Triples,Arky Vaughan,Pittsburgh,15.0
1954,Base on Balls,Richie Ashburn,Philadelphia,125.0
1954,Batting Average,Willie Mays,New York,0.345
1954,Doubles,Stan Musial,St. Louis,41.0
1954,Hits,Don Mueller,New York,212.0
1954,Home Runs,Ted Kluszewski,Cincinnati,49.0
1954,On Base Percentage,Richie Ashburn,Philadelphia,0.442
1954,RBI,Ted Kluszewski,Cincinnati,141.0
1954,Runs,Stan Musial,St. Louis,120.0
1954,Slugging Average,Willie Mays,New York,0.667
1954,Stolen Bases,Bill Bruton,Milwaukee,34.0
1954,Total Bases,Duke Snider,Brooklyn,378.0
1954,Triples,Willie Mays,New York,13.0
1983,Base on Balls,Mike Schmidt,Philadelphia,128.0
1983,Batting Average,Bill Madlock,Pittsburgh,0.323
1983,Doubles,Bill Buckner,Chicago,38.0
1983,Hits,Jose Cruz,Houston,189.0
1983,Home Runs,Mike Schmidt,Philadelphia,40.0
1983,On Base Percentage,Mike Schmidt,Philadelphia,0.402
1983,RBI,Dale Murphy,Atlanta,121.0
1983,Runs,Tim Raines,Montreal,133.0
1983,Slugging Average,Dale Murphy,Atlanta,0.54
1983,Stolen Bases,Tim Raines,Montreal,90.0
1983,Total Bases,Andre Dawson,Montreal,341.0
1983,Triples,Brett Butler,Atlanta,13.0
1997,Base on Balls,Barry Bonds,San Francisco,145.0
1997,Batting Average,Tony Gwynn,San Diego,0.372
1997,Doubles,Mark Grudzielanek,Montreal,54.0
1997,Hits,Tony Gwynn,San Diego,220.0
1997,Home Runs,Larry Walker,Colorado,49.0
1997,On Base Percentage,Larry Walker,Colorado,0.455
1997,RBI,Andres Galarraga,Colorado,140.0
1997,Runs,Craig Biggio,Houston,146.0
1997,Slugging Average,Larry Walker,Colorado,0.72
1997,Stolen Bases,Tony Womack,Pittsburgh,60.0
1997,Total Bases,Larry Walker,Colorado,409.0
1997,Triples,Delino DeShields,St. Louis,14.0
1981,Base on Balls,Mike Schmidt,Philadelphia,73.0
1981,Batting Average,Bill Madlock,Pittsburgh,0.341
1981,Doubles,Bill Buckner,Chicago,35.0
1981,Hits,Pete Rose,Philadelphia,140.0
1981,Home Runs,Mike Schmidt,Philadelphia,31.0
1981,On Base Percentage,Mike Schmidt,Philadelphia,0.439
1981,RBI,Mike Schmidt,Philadelphia,91.0
1981,Runs,Mike Schmidt,Philadelphia,78.0
1981,Slugging Average,Mike Schmidt,Philadelphia,0.644
1981,Stolen Bases,Tim Raines,Montreal,71.0
1981,Total Bases,Mike Schmidt,Philadelphia,0.228
1981,Triples,Craig Reynolds,Houston,12.0
1995,Base on Balls,Barry Bonds,San Francisco,120.0
1995,Batting Average,Tony Gwynn,San Diego,0.368
1995,Doubles,Mark Grace,Chicago,51.0
1995,Hits,Dante Bichette,Colorado,197.0
1995,Home Runs,Dante Bichette,Colorado,40.0
1995,On Base Percentage,Barry Bonds,San Francisco,0.434
1995,RBI,Dante Bichette,Colorado,128.0
1995,Runs,Craig Biggio,Houston,123.0
1995,Slugging Average,Dante Bichette,Colorado,0.62
1995,Stolen Bases,Quilvio Veras,Florida,56.0
1995,Total Bases,Dante Bichette,Colorado,359.0
1995,Triples,Brett Butler,New York,9.0
1942,Base on Balls,Mel Ott,New York,109.0
1942,Batting Average,Ernie Lombardi *,Boston,0.33
1942,Doubles,Marty Marion,St. Louis,38.0
1942,Hits,Enos Slaughter,St. Louis,188.0
1942,Home Runs,Mel Ott,New York,30.0
1942,On Base Percentage,Elbie Fletcher,Pittsburgh,0.417
1942,RBI,Johnny Mize,New York,110.0
1942,Runs,Mel Ott,New York,118.0
1942,Slugging Average,Johnny Mize,New York,0.521
1942,Stolen Bases,Pete Reiser,Brooklyn,20.0
1942,Total Bases,Enos Slaughter,St. Louis,292.0
1942,Triples,Enos Slaughter,St. Louis,17.0
1956,Base on Balls,Duke Snider,Brooklyn,99.0
1956,Batting Average,Hank Aaron,Milwaukee,0.328
1956,Doubles,Hank Aaron,Milwaukee,34.0
1956,Hits,Hank Aaron,Milwaukee,200.0
1956,Home Runs,Duke Snider,Brooklyn,43.0
1956,On Base Percentage,Duke Snider,Brooklyn,0.402
1956,RBI,Stan Musial,St. Louis,109.0
1956,Runs,Frank Robinson,Cincinnati,122.0
1956,Slugging Average,Duke Snider,Brooklyn,0.598
1956,Stolen Bases,Willie Mays,New York,40.0
1956,Total Bases,Hank Aaron,Milwaukee,340.0
1956,Triples,Bill Bruton,Milwaukee,15.0
1957,Base on Balls,Richie Ashburn,Philadelphia,94.0
1957,Batting Average,Stan Musial,St. Louis,0.351
1957,Doubles,Don Hoak,Cincinnati,39.0
1957,Hits,Red Schoendienst,New York,200.0
1957,Home Runs,Hank Aaron,Milwaukee,44.0
1957,On Base Percentage,Stan Musial,St. Louis,0.428
1957,RBI,Hank Aaron,Milwaukee,132.0
1957,Runs,Hank Aaron,Milwaukee,118.0
1957,Slugging Average,Willie Mays,New York,0.626
1957,Stolen Bases,Willie Mays,New York,38.0
1957,Total Bases,Hank Aaron,Milwaukee,369.0
1957,Triples,Willie Mays,New York,20.0
1943,Base on Balls,Augie Galan,Brooklyn,103.0
1943,Batting Average,Stan Musial,St. Louis,0.357
1943,Doubles,Stan Musial,St. Louis,48.0
1943,Hits,Stan Musial,St. Louis,220.0
1943,Home Runs,Bill Nicholson,Chicago,29.0
1943,On Base Percentage,Stan Musial,St. Louis,0.425
1943,RBI,Bill Nicholson,Chicago,128.0
1943,Runs,Arky Vaughan,Brooklyn,112.0
1943,Slugging Average,Stan Musial,St. Louis,0.562
1943,Stolen Bases,Arky Vaughan,Brooklyn,20.0
1943,Total Bases,Stan Musial,St. Louis,347.0
1943,Triples,Stan Musial,St. Louis,20.0
1994,Base on Balls,Barry Bonds,San Francisco,74.0
1994,Batting Average,Tony Gwynn,San Diego,0.394
1994,Doubles,Craig Biggio,Houston,44.0
1994,Hits,Tony Gwynn,San Diego,165.0
1994,Home Runs,Matt Williams,San Francisco,43.0
1994,On Base Percentage,Jeff Bagwell,Houston,0.461
1994,RBI,Jeff Bagwell,Houston,116.0
1994,Runs,Jeff Bagwell,Houston,104.0
1994,Slugging Average,Jeff Bagwell,Houston,0.75
1994,Stolen Bases,Craig Biggio,Houston,39.0
1994,Total Bases,Jeff Bagwell,Houston,300.0
1994,Triples,Brett Butler,Los Angeles,9.0
1980,Base on Balls,Dan Driessen,Cincinnati,93.0
1980,Batting Average,Bill Buckner,Chicago,0.324
1980,Doubles,Pete Rose,Philadelphia,42.0
1980,Hits,Steve Garvey,Los Angeles,200.0
1980,Home Runs,Mike Schmidt,Philadelphia,48.0
1980,On Base Percentage,Keith Hernandez,St. Louis,0.41
1980,RBI,Mike Schmidt,Philadelphia,121.0
1980,Runs,Keith Hernandez,St. Louis,111.0
1980,Slugging Average,Mike Schmidt,Philadelphia,0.624
1980,Stolen Bases,Ron LeFlore,Montreal,97.0
1980,Total Bases,Mike Schmidt,Philadelphia,342.0
1980,Triples,Omar Moreno,Pittsburgh,13.0
1984,Base on Balls,Gary Matthews,Chicago,103.0
1984,Batting Average,Tony Gwynn,San Diego,0.351
1984,Doubles,Tim Raines,Montreal,38.0
1984,Hits,Tony Gwynn,San Diego,213.0
1984,Home Runs,Dale Murphy,Atlanta,36.0
1984,On Base Percentage,Gary Matthews,Chicago,0.417
1984,RBI,Gary Carter,Montreal,106.0
1984,Runs,Ryne Sandberg,Chicago,114.0
1984,Slugging Average,Dale Murphy,Atlanta,0.547
1984,Stolen Bases,Tim Raines,Montreal,75.0
1984,Total Bases,Dale Murphy,Atlanta,332.0
1984,Triples,Juan Samuel,Philadelphia,19.0
1990,Base on Balls,Jack Clark,San Diego,104.0
1990,Batting Average,Willie McGee,St. Louis,0.335
1990,Doubles,Gregg Jefferies,New York,40.0
1990,Hits,Brett Butler,San Francisco,192.0
1990,Home Runs,Ryne Sandberg,Chicago,40.0
1990,On Base Percentage,Dave Magadan,New York,0.425
1990,RBI,Matt Williams,San Francisco,122.0
1990,Runs,Ryne Sandberg,Chicago,116.0
1990,Slugging Average,Barry Bonds,Pittsburgh,0.565
1990,Stolen Bases,Vince Coleman,St. Louis,77.0
1990,Total Bases,Ryne Sandberg,Chicago,344.0
1990,Triples,Mariano Duncan,Cincinnati,11.0
1947,Base on Balls,Hank Greenberg,Pittsburgh,104.0
1947,Batting Average,Harry Walker,St. Louis,0.363
1947,Doubles,Eddie Miller,Cincinnati,38.0
1947,Hits,Tommy Holmes,Boston,191.0
1947,Home Runs,Ralph Kiner,Pittsburgh,51.0
1947,On Base Percentage,Augie Galan,Cincinnati,0.449
1947,RBI,Johnny Mize,New York,138.0
1947,Runs,Johnny Mize,New York,137.0
1947,Slugging Average,Ralph Kiner,Pittsburgh,0.639
1947,Stolen Bases,Jackie Robinson,Brooklyn,29.0
1947,Total Bases,Ralph Kiner,Pittsburgh,361.0
1947,Triples,Harry Walker,St. Louis,16.0
1953,Base on Balls,Stan Musial,St. Louis,105.0
1953,Batting Average,Carl Furillo,Brooklyn,0.344
1953,Doubles,Stan Musial,St. Louis,53.0
1953,Hits,Richie Ashburn,Philadelphia,205.0
1953,Home Runs,Eddie Mathews,Milwaukee,47.0
1953,On Base Percentage,Stan Musial,St. Louis,0.437
1953,RBI,Roy Campanella,Brooklyn,142.0
1953,Runs,Duke Snider,Brooklyn,132.0
1953,Slugging Average,Duke Snider,Brooklyn,0.627
1953,Stolen Bases,Bill Bruton,Milwaukee,26.0
1953,Total Bases,Duke Snider,Brooklyn,370.0
1953,Triples,Jim Gilliam,Brooklyn,17.0
1952,Base on Balls,Ralph Kiner,Pittsburgh,110.0
1952,Batting Average,Stan Musial,St. Louis,0.336
1952,Doubles,Stan Musial,St. Louis,42.0
1952,Hits,Stan Musial,St. Louis,194.0
1952,Home Runs,Ralph Kiner,Pittsburgh,37.0
1952,On Base Percentage,Jackie Robinson,Brooklyn,0.44
1952,RBI,Hank Sauer,Chicago,121.0
1952,Runs,Solly Hemus,St. Louis,105.0
1952,Slugging Average,Stan Musial,St. Louis,0.538
1952,Stolen Bases,Pee Wee Reese,Brooklyn,30.0
1952,Total Bases,Stan Musial,St. Louis,311.0
1952,Triples,Bobby Thomson,New York,14.0
1946,Base on Balls,Eddie Stanky,Brooklyn,137.0
1946,Batting Average,Stan Musial,St. Louis,0.365
1946,Doubles,Stan Musial,St. Louis,50.0
1946,Hits,Stan Musial,St. Louis,228.0
1946,Home Runs,Ralph Kiner,Pittsburgh,23.0
1946,On Base Percentage,Eddie Stanky,Brooklyn,0.436
1946,RBI,Enos Slaughter,St. Louis,130.0
1946,Runs,Stan Musial,St. Louis,124.0
1946,Slugging Average,Stan Musial,St. Louis,0.587
1946,Stolen Bases,Pete Reiser,Brooklyn,34.0
1946,Total Bases,Stan Musial,St. Louis,366.0
1946,Triples,Stan Musial,St. Louis,20.0
1991,Base on Balls,Brett Butler,Los Angeles,108.0
1991,Batting Average,Terry Pendleton,Atlanta,0.319
1991,Doubles,Bobby Bonilla,Pittsburgh,44.0
1991,Hits,Terry Pendleton,Atlanta,187.0
1991,Home Runs,Howard Johnson,New York,38.0
1991,On Base Percentage,Barry Bonds,Pittsburgh,0.419
1991,RBI,Howard Johnson,New York,117.0
1991,Runs,Brett Butler,Los Angeles,112.0
1991,Slugging Average,Will Clark,San Francisco,0.536
1991,Stolen Bases,Marquis Grissom,Montreal,76.0
1991,Total Bases,Will Clark,San Francisco,303.0
1991,Triples,Ray Lankford,St. Louis,15.0
1985,Base on Balls,Dale Murphy,Atlanta,90.0
1985,Batting Average,Willie McGee,St. Louis,0.353
1985,Doubles,Dave Parker,Cincinnati,42.0
1985,Hits,Willie McGee,St. Louis,216.0
1985,Home Runs,Dale Murphy,Atlanta,37.0
1985,On Base Percentage,Pedro Guerrero,Los Angeles,0.425
1985,RBI,Dave Parker,Cincinnati,125.0
1985,Runs,Dale Murphy,Atlanta,118.0
1985,Slugging Average,Pedro Guerrero,Los Angeles,0.577
1985,Stolen Bases,Vince Coleman,St. Louis,110.0
1985,Total Bases,Dave Parker,Cincinnati,350.0
1985,Triples,Willie McGee,St. Louis,18.0
1993,Walks,Lenny Dykstra,Philadelphia,129.0
1993,Batting Average,Andres Galarraga,Colorado,0.37
1993,Doubles,Charlie Hayes,Colorado,45.0
1993,Hits,Lenny Dykstra,Philadelphia,194.0
1993,Home Runs,Barry Bonds,San Francisco,46.0
1993,On Base Percentage,Barry Bonds,San Francisco,0.463
1993,RBI,Barry Bonds,San Francisco,123.0
1993,Runs,Lenny Dykstra,Philadelphia,143.0
1993,Slugging Average,Barry Bonds,San Francisco,0.677
1993,Stolen Bases,Chuck Carr,Florida,58.0
1993,Total Bases,Barry Bonds,San Francisco,365.0
1993,Triples,Steve Finley,Houston,13.0
1987,Base on Balls,Jack Clark,St. Louis,136.0
1987,Batting Average,Tony Gwynn,San Diego,0.37
1987,Doubles,Tim Wallach,Montreal,42.0
1987,Hits,Tony Gwynn,San Diego,218.0
1987,Home Runs,Andre Dawson,Chicago,49.0
1987,On Base Percentage,Jack Clark,St. Louis,0.461
1987,RBI,Andre Dawson,Chicago,137.0
1987,Runs,Tim Raines,Montreal,123.0
1987,Slugging Average,Jack Clark,St. Louis,0.597
1987,Stolen Bases,Vince Coleman,St. Louis,109.0
1987,Total Bases,Andre Dawson,Chicago,353.0
1987,Triples,Juan Samuel,Philadelphia,15.0
1978,Base on Balls,Jeff Burroughs,Atlanta,117.0
1978,Batting Average,Dave Parker,Pittsburgh,0.334
1978,Doubles,Pete Rose,Cincinnati,51.0
1978,Hits,Steve Garvey,Los Angeles,202.0
1978,Home Runs,George Foster,Cincinnati,40.0
1978,On Base Percentage,Jeff Burroughs,Atlanta,0.432
1978,RBI,George Foster,Cincinnati,120.0
1978,Runs,Ivan DeJesus,Chicago,104.0
1978,Slugging Average,Dave Parker,Pittsburgh,0.585
1978,Stolen Bases,Omar Moreno,Pittsburgh,71.0
1978,Total Bases,Dave Parker,Pittsburgh,340.0
1978,Triples,Garry Templeton,St. Louis,13.0
1950,Base on Balls,Eddie Stanky,New York,144.0
1950,Batting Average,Stan Musial,St. Louis,0.346
1950,Doubles,Red Schoendienst,St. Louis,43.0
1950,Hits,Duke Snider,Brooklyn,199.0
1950,Home Runs,Ralph Kiner,Pittsburgh,47.0
1950,On Base Percentage,Eddie Stanky,New York,0.46
1950,RBI,Del Ennis,Philadelphia,126.0
1950,Runs,Earl Torgeson,Boston,120.0
1950,Slugging Average,Stan Musial,St. Louis,0.596
1950,Stolen Bases,Sam Jethroe,Boston,35.0
1950,Total Bases,Duke Snider,Brooklyn,343.0
1950,Triples,Richie Ashburn,Philadelphia,14.0
1944,Base on Balls,Augie Galan,Brooklyn,101.0
1944,Batting Average,Dixie Walker,Brooklyn,0.357
1944,Doubles,Stan Musial,St. Louis,51.0
1944,Hits,Phil Cavarretta,Chicago,197.0
1944,Home Runs,Bill Nicholson,Chicago,33.0
1944,On Base Percentage,Stan Musial,St. Louis,0.44
1944,RBI,Bill Nicholson,Chicago,122.0
1944,Runs,Bill Nicholson,Chicago,116.0
1944,Slugging Average,Stan Musial,St. Louis,0.549
1944,Stolen Bases,Johnny Barrett,Pittsburgh,28.0
1944,Total Bases,Bill Nicholson,Chicago,317.0
1944,Triples,Johnny Barrett,Pittsburgh,19.0
1945,Base on Balls,Eddie Stanky,Brooklyn,148.0
1945,Batting Average,Phil Cavarretta,Chicago,0.355
1945,Doubles,Tommy Holmes,Boston,47.0
1945,Hits,Tommy Holmes,Boston,224.0
1945,Home Runs,Tommy Holmes,Boston,28.0
1945,On Base Percentage,Phil Cavarretta,Chicago,0.449
1945,RBI,Dixie Walker,Brooklyn,124.0
1945,Runs,Eddie Stanky,Brooklyn,128.0
1945,Slugging Average,Tommy Holmes,Boston,0.577
1945,Stolen Bases,Red Schoendienst,St. Louis,26.0
1945,Total Bases,Tommy Holmes,Boston,367.0
1945,Triples,Luis Olmo,Brooklyn,13.0
1951,Base on Balls,Ralph Kiner,Pittsburgh,137.0
1951,Batting Average,Stan Musial,St. Louis,0.355
1951,Doubles,Alvin Dark,New York,41.0
1951,Hits,Richie Ashburn,Philadelphia,221.0
1951,Home Runs,Ralph Kiner,Pittsburgh,42.0
1951,On Base Percentage,Ralph Kiner,Pittsburgh,0.452
1951,RBI,Monte Irvin,New York,121.0
1951,Runs,Ralph Kiner,Pittsburgh,124.0
1951,Slugging Average,Ralph Kiner,Pittsburgh,0.627
1951,Stolen Bases,Sam Jethroe,Boston,35.0
1951,Total Bases,Stan Musial,St. Louis,355.0
1951,Triples,Gus Bell,Pittsburgh,12.0
1979,Base on Balls,Mike Schmidt,Philadelphia,120.0
1979,Batting Average,Keith Hernandez,St. Louis,0.344
1979,Doubles,Keith Hernandez,St. Louis,48.0
1979,Hits,Garry Templeton,St. Louis,211.0
1979,Home Runs,Dave Kingman,Chicago,48.0
1979,On Base Percentage,Keith Hernandez,St. Louis,0.421
1979,RBI,Dave Winfield,San Diego,118.0
1979,Runs,Keith Hernandez,St. Louis,116.0
1979,Slugging Average,Dave Kingman,Chicago,0.613
1979,Stolen Bases,Omar Moreno,Pittsburgh,77.0
1979,Total Bases,Dave Winfield,San Diego,333.0
1979,Triples,Garry Templeton,St. Louis,19.0
1986,Base on Balls,Keith Hernandez,New York,94.0
1986,Batting Average,Tim Raines,Montreal,0.334
1986,Doubles,Von Hayes,Philadelphia,46.0
1986,Hits,Tony Gwynn,San Diego,211.0
1986,Home Runs,Mike Schmidt,Philadelphia,37.0
1986,On Base Percentage,Tim Raines,Montreal,0.415
1986,RBI,Mike Schmidt,Philadelphia,119.0
1986,Runs,Tony Gwynn,San Diego,107.0
1986,Slugging Average,Mike Schmidt,Philadelphia,0.547
1986,Stolen Bases,Vince Coleman,St. Louis,107.0
1986,Total Bases,Dave Parker,Cincinnati,304.0
1986,Triples,Mitch Webster,Montreal,13.0
1992,Base on Balls,Barry Bonds,Pittsburgh,127.0
1992,Batting Average,Gary Sheffield,San Diego,0.33
1992,Doubles,Andy Van Slyke,Pittsburgh,45.0
1992,Hits,Terry Pendleton,Atlanta,199.0
1992,Home Runs,Fred McGriff,San Diego,35.0
1992,On Base Percentage,Barry Bonds,Pittsburgh,0.461
1992,RBI,Darren Daulton,Philadelphia,109.0
1992,Runs,Barry Bonds,Pittsburgh,109.0
1992,Slugging Average,Barry Bonds,Pittsburgh,0.624
1992,Stolen Bases,Marquis Grissom,Montreal,78.0
1992,Total Bases,Gary Sheffield,San Diego,323.0
1992,Triples,Deion Sanders,Atlanta,14.0
1936,Base on Balls,Arky Vaughan,Pittsburgh,118.0
1936,Batting Average,Paul Waner,Pittsburgh,0.373
1936,Doubles,Joe Medwick,St. Louis,64.0
1936,Hits,Joe Medwick,St. Louis,223.0
1936,Home Runs,Mel Ott,New York,33.0
1936,On Base Percentage,Arky Vaughan,Pittsburgh,0.453
1936,RBI,Joe Medwick,St. Louis,138.0
1936,Runs,Arky Vaughan,Pittsburgh,122.0
1936,Slugging Average,Mel Ott,New York,0.488
1936,Stolen Bases,Pepper Martin,St. Louis,23.0
1936,Total Bases,Joe Medwick,St. Louis,367.0
1936,Triples,Ival Goodman,Cincinnati,14.0
1922,Base on Balls,Max Carey,Pittsburgh,80.0
1922,Batting Average,Rogers Hornsby,St. Louis,0.401
1922,Doubles,Rogers Hornsby,St. Louis,46.0
1922,Hits,Rogers Hornsby,St. Louis,250.0
1922,Home Runs,Rogers Hornsby,St. Louis,42.0
1922,On Base Percentage,Rogers Hornsby,St. Louis,0.459
1922,RBI,Rogers Hornsby,St. Louis,152.0
1922,Runs,Rogers Hornsby,St. Louis,141.0
1922,Slugging Average,Rogers Hornsby,St. Louis,0.722
1922,Stolen Bases,Max Carey,Pittsburgh,51.0
1922,Total Bases,Rogers Hornsby,St. Louis,450.0
1922,Triples,Jake Daubert,Cincinnati,22.0
1881,Base on Balls,John Clapp,Cleveland,35.0
1881,Batting Average,Cap Anson,Chicago,0.399
1881,Doubles,Paul Hines,Providence,27.0
1881,Hits,Cap Anson,Chicago,137.0
1881,Home Runs,Dan Brouthers,Buffalo,8.0
1881,On Base Percentage,Cap Anson,Chicago,0.442
1881,RBI,Cap Anson,Chicago,82.0
1881,Runs,George Gore,Chicago,86.0
1881,Slugging Average,Dan Brouthers,Buffalo,0.541
1881,Total Bases,Cap Anson,Chicago,175.0
1881,Triples,Jack Rowe,Buffalo,11.0
1895,Base on Balls,Billy Hamilton,Philadelphia,96.0
1895,Batting Average,Jesse Burkett,Cleveland,0.409
1895,Doubles,Ed Delahanty,Philadelphia,49.0
1895,Hits,Jesse Burkett,Cleveland,225.0
1895,Home Runs,Sam Thompson,Philadelphia,18.0
1895,On Base Percentage,Ed Delahanty,Philadelphia,0.5
1895,RBI,Sam Thompson,Philadelphia,165.0
1895,Runs,Billy Hamilton,Philadelphia,166.0
1895,Slugging Average,Sam Thompson,Philadelphia,0.654
1895,Stolen Bases,Billy Hamilton,Philadelphia,97.0
1895,Total Bases,Sam Thompson,Philadelphia,352.0
1895,Triples,Kip Selbach,Washington,22.0
1894,Base on Balls,Billy Hamilton,Philadelphia,126.0
1894,Batting Average,Hugh Duffy,Boston,0.44
1894,Doubles,Hugh Duffy,Boston,51.0
1894,Hits,Hugh Duffy,Boston,237.0
1894,Home Runs,Hugh Duffy,Boston,18.0
1894,On Base Percentage,Billy Hamilton,Philadelphia,0.523
1894,RBI,Hugh Duffy,Boston,145.0
1894,Runs,Billy Hamilton,Philadelphia,192.0
1894,Slugging Average,Hugh Duffy,Boston,0.694
1894,Stolen Bases,Billy Hamilton,Philadelphia,98.0
1894,Total Bases,Hugh Duffy,Boston,374.0
1894,Triples,Heinie Reitz,Baltimore,31.0
1880,Base on Balls,Bob Ferguson,Troy,24.0
1880,Batting Average,George Gore,Chicago,0.36
1880,Doubles,Fred Dunlap,Cleveland,27.0
1880,Hits,Abner Dalrymple,Chicago,126.0
1880,Home Runs,Jim O'Rourke,Boston,6.0
1880,On Base Percentage,George Gore,Chicago,0.399
1880,RBI,Cap Anson,Chicago,74.0
1880,Runs,Abner Dalrymple,Chicago,91.0
1880,Slugging Average,George Gore,Chicago,0.463
1880,Total Bases,Abner Dalrymple,Chicago,175.0
1880,Triples,Harry Stovey,Worcester,14.0
1923,Base on Balls,George Burns,Cincinnati,101.0
1923,Batting Average,Rogers Hornsby,St. Louis,0.384
1923,Doubles,Edd Roush,Cincinnati,41.0
1923,Hits,Frankie Frisch,New York,223.0
1923,Home Runs,Cy Williams,Philadelphia,41.0
1923,On Base Percentage,Rogers Hornsby,St. Louis,0.459
1923,RBI,Irish Meusel,New York,125.0
1923,Runs,Ross Youngs,New York,121.0
1923,Slugging Average,Rogers Hornsby,St. Louis,0.627
1923,Stolen Bases,Max Carey,Pittsburgh,51.0
1923,Total Bases,Frankie Frisch,New York,311.0
1923,Triples,Max Carey,Pittsburgh,19.0
1937,Base on Balls,Mel Ott,New York,102.0
1937,Batting Average,Joe Medwick,St. Louis,0.374
1937,Doubles,Joe Medwick,St. Louis,56.0
1937,Hits,Joe Medwick,St. Louis,237.0
1937,Home Runs,Joe Medwick,St. Louis,31.0
1937,On Base Percentage,Mel Ott,New York,0.442
1937,RBI,Joe Medwick,St. Louis,154.0
1937,Runs,Joe Medwick,St. Louis,111.0
1937,Slugging Average,Joe Medwick,St. Louis,0.641
1937,Stolen Bases,Augie Galan,Chicago,23.0
1937,Total Bases,Joe Medwick,St. Louis,406.0
1937,Triples,Arky Vaughan,Pittsburgh,17.0
1921,Base on Balls,George Burns,New York,80.0
1921,Batting Average,Rogers Hornsby,St. Louis,0.397
1921,Doubles,Rogers Hornsby,St. Louis,44.0
1921,Hits,Rogers Hornsby,St. Louis,235.0
1921,Home Runs,George Kelly,New York,23.0
1921,On Base Percentage,Rogers Hornsby,St. Louis,0.458
1921,RBI,Rogers Hornsby,St. Louis,126.0
1921,Runs,Rogers Hornsby,St. Louis,131.0
1921,Slugging Average,Rogers Hornsby,St. Louis,0.639
1921,Stolen Bases,Frankie Frisch,New York,49.0
1921,Total Bases,Rogers Hornsby,St. Louis,378.0
1921,Triples,Rogers Hornsby,St. Louis,18.0
1935,Base on Balls,Arky Vaughan,Pittsburgh,97.0
1935,Batting Average,Arky Vaughan,Pittsburgh,0.385
1935,Doubles,Billy Herman,Chicago,57.0
1935,Hits,Billy Herman,Chicago,227.0
1935,Home Runs,Wally Berger,Boston,34.0
1935,On Base Percentage,Arky Vaughan,Pittsburgh,0.491
1935,RBI,Wally Berger,Boston,130.0
1935,Runs,Augie Galan,Chicago,133.0
1935,Slugging Average,Arky Vaughan,Pittsburgh,0.607
1935,Stolen Bases,Augie Galan,Chicago,22.0
1935,Total Bases,Joe Medwick,St. Louis,365.0
1935,Triples,Ival Goodman,Cincinnati,18.0
1909,Base on Balls,Fred Clarke,Pittsburgh,80.0
1909,Batting Average,Honus Wagner,Pittsburgh,0.339
1909,Doubles,Honus Wagner,Pittsburgh,39.0
1909,Hits,Larry Doyle,New York,172.0
1909,Home Runs,Red Murray,New York,7.0
1909,On Base Percentage,Honus Wagner,Pittsburgh,0.42
1909,RBI,Honus Wagner,Pittsburgh,100.0
1909,Runs,Tommy Leach,Pittsburgh,126.0
1909,Slugging Average,Honus Wagner,Pittsburgh,0.489
1909,Stolen Bases,Bob Bescher,Cincinnati,54.0
1909,Total Bases,Honus Wagner,Pittsburgh,242.0
1909,Triples,Mike Mitchell,Pittsburgh,17.0
2019,Base on Balls,Rhys Hoskins,Philadelphia Phillies,116.0
2019,Batting Average,Christian Yelich,Milwaukee Brewers,0.329
2019,Doubles,Anthony Rendon,Washington Nationals,44.0
2019,Hits,Ozzie Albies,Atlanta Braves,189.0
2019,Home Runs,Pete Alonso,New York Mets,53.0
2019,On Base Percentage,Christian Yelich,Milwaukee Brewers,0.429
2019,RBI,Anthony Rendon,Washington Nationals,126.0
2019,Runs,Ronald Acuna Jr.,Atlanta Braves,127.0
2019,Slugging Average,Christian Yelich,Milwaukee Brewers,0.671
2019,Stolen Bases,Ronald Acuna Jr.,Atlanta Braves,37.0
2019,Total Bases,Cody Bellinger,Los Angeles Dodgers,351.0
2019,Triples,Eduardo Escobar,Arizona Diamondbacks,10.0
1896,Base on Balls,Billy Hamilton,Boston,110.0
1896,Batting Average,Jesse Burkett,Cleveland,0.41
1896,Doubles,Ed Delahanty,Philadelphia,44.0
1896,Hits,Jesse Burkett,Cleveland,240.0
1896,Home Runs,Ed Delahanty,Philadelphia,13.0
1896,On Base Percentage,Billy Hamilton,Boston,0.478
1896,RBI,Ed Delahanty,Philadelphia,126.0
1896,Runs,Jesse Burkett,Cleveland,160.0
1896,Slugging Average,Ed Delahanty,Philadelphia,0.631
1896,Stolen Bases,Joe Kelley,Baltimore,87.0
1896,Total Bases,Jesse Burkett,Cleveland,317.0
1896,Triples,Tom McCreery,Louisville,21.0
1882,Base on Balls,George Gore,Chicago,29.0
1882,Batting Average,Dan Brouthers,Buffalo,0.368
1882,Doubles,King Kelly,Chicago,37.0
1882,Hits,Dan Brouthers,Buffalo,129.0
1882,Home Runs,George Wood,Detroit,7.0
1882,On Base Percentage,Dan Brouthers,Buffalo,0.403
1882,RBI,Cap Anson,Chicago,83.0
1882,Runs,George Gore,Chicago,99.0
1882,Slugging Average,Dan Brouthers,Buffalo,0.547
1882,Total Bases,Dan Brouthers,Buffalo,192.0
1882,Triples,Roger Connor,Troy,18.0
1883,Base on Balls,Tom York,Cleveland,37.0
1883,Batting Average,Dan Brouthers,Buffalo,0.374
1883,Doubles,Ned Williamson,Chicago,49.0
1883,Hits,Dan Brouthers,Buffalo,159.0
1883,Home Runs,Buck Ewing,New York,10.0
1883,On Base Percentage,Dan Brouthers,Buffalo,0.397
1883,RBI,Dan Brouthers,Buffalo,97.0
1883,Runs,Joe Hornung,Boston,107.0
1883,Slugging Average,Dan Brouthers,Buffalo,0.572
1883,Total Bases,Dan Brouthers,Buffalo,243.0
1883,Triples,Dan Brouthers,Buffalo,17.0
1897,Base on Balls,Billy Hamilton,Boston,105.0
1897,Batting Average,Willie Keeler,Baltimore,0.424
1897,Doubles,Jake Stenzel,Baltimore,43.0
1897,Hits,Willie Keeler,Baltimore,239.0
1897,Home Runs,Hugh Duffy,Boston,11.0
1897,On Base Percentage,John McGraw,Baltimore,0.471
1897,RBI,George Davis,New York,136.0
1897,Runs,Billy Hamilton,Boston,152.0
1897,Slugging Average,Nap Lajoie,Philadelphia,0.569
1897,Stolen Bases,Bill Lange,Chicago,73.0
1897,Total Bases,Nap Lajoie,Philadelphia,310.0
1897,Triples,Harry Davis,Pittsburgh,28.0
2018,Base on Balls,Bryce Harper,Washington Nationals,130.0
2018,Batting Average,Christian Yelich,Milwaukee Brewers,0.326
2018,Doubles,Freddie Freeman,Atlanta Braves,44.0
2018,Hits,Freddie Freeman,Atlanta Braves,191.0
2018,Home Runs,Nolan Arenado,Colorado Rockies,38.0
2018,On Base Percentage,Joey Votto,Cincinnati Reds,0.417
2018,RBI,Javier Baez,Chicago Cubs,111.0
2018,Runs,Charlie Blackmon,Colorado Rockies,119.0
2018,Slugging Average,Christian Yelich,Milwaukee Brewers,0.598
2018,Stolen Bases,Trea Turner,Washington Nationals,43.0
2018,Total Bases,Christian Yelich,Milwaukee Brewers,343.0
2018,Triples,Ketel Marte,Arizona Diamondbacks,12.0
2024,Base on Balls,Kyle Schwarber,Philadelphia,105.0
2024,Batting Average,Luis Arraez,Miami,0.314
2024,Doubles,Ezequiel Tovar,Colorado,45.0
2024,Hits,Luis Arraez,Miami,200.0
2024,Home Runs,Shohei Ohtani,Los Angeles,54.0
2024,On Base Percentage,Shohei Ohtani,Los Angeles,0.39
2024,RBI,Shohei Ohtani,Los Angeles,130.0
2024,Runs,Shohei Ohtani,Los Angeles,134.0
2024,Slugging Average,Shohei Ohtani,Los Angeles,0.646
2024,Stolen Bases,Elly De La Cruz,Cincinnati,67.0
2024,Total Bases,Shohei Ohtani,Los Angeles,411.0
2024,Triples,Corbin Carroll,Arizona,14.0
1908,Base on Balls,Roger Bresnahan,New York,83.0
1908,Batting Average,Honus Wagner,Pittsburgh,0.354
1908,Doubles,Honus Wagner,Pittsburgh,39.0
1908,Hits,Honus Wagner,Pittsburgh,201.0
1908,Home Runs,Tim Jordan,Brooklyn,12.0
1908,On Base Percentage,Honus Wagner,Pittsburgh,0.415
1908,RBI,Honus Wagner,Pittsburgh,109.0
1908,Runs,Fred Tenney,New York,101.0
1908,Slugging Average,Honus Wagner,Pittsburgh,0.542
1908,Stolen Bases,Honus Wagner,Pittsburgh,53.0
1908,Total Bases,Honus Wagner,Pittsburgh,308.0
1908,Triples,Honus Wagner,Pittsburgh,19.0
1934,Base on Balls,Arky Vaughan,Pittsburgh,94.0
1934,Batting Average,Paul Waner,Pittsburgh,0.362
1934,Doubles,Kiki Cuyler,Chicago,42.0
1934,Hits,Paul Waner,Pittsburgh,217.0
1934,Home Runs,Mel Ott,New York,35.0
1934,On Base Percentage,Arky Vaughan,Pittsburgh,0.431
1934,RBI,Mel Ott,New York,135.0
1934,Runs,Paul Waner,Pittsburgh,122.0
1934,Slugging Average,Ripper Collins,St. Louis,0.615
1934,Stolen Bases,Pepper Martin,St. Louis,23.0
1934,Total Bases,Ripper Collins,St. Louis,369.0
1934,Triples,Joe Medwick,St. Louis,18.0
1920,Base on Balls,George Burns,New York,76.0
1920,Batting Average,Rogers Hornsby,St. Louis,0.37
1920,Doubles,Rogers Hornsby,St. Louis,44.0
1920,Hits,Rogers Hornsby,St. Louis,218.0
1920,Home Runs,Cy Williams,Philadelphia,15.0
1920,On Base Percentage,Rogers Hornsby,St. Louis,0.431
1920,RBI,Rogers Hornsby,St. Louis,94.0
1920,Runs,George Burns,New York,115.0
1920,Slugging Average,Rogers Hornsby,St. Louis,0.559
1920,Stolen Bases,Max Carey,Pittsburgh,52.0
1920,Total Bases,Rogers Hornsby,St. Louis,329.0
1920,Triples,Hy Myers,Brooklyn,22.0
1918,Base on Balls,Max Carey,Pittsburgh,62.0
1918,Batting Average,Zack Wheat,Brooklyn,0.335
1918,Doubles,Heinie Groh,Cincinnati,28.0
1918,Hits,Charlie Hollocher,Chicago,161.0
1918,Home Runs,Gavvy Cravath,Philadelphia,8.0
1918,On Base Percentage,Heinie Groh,Cincinnati,0.395
1918,RBI,Sherry Magee,Cincinnati,76.0
1918,Runs,Heinie Groh,Cincinnati,86.0
1918,Slugging Average,Edd Roush,Cincinnati,0.455
1918,Stolen Bases,Max Carey,Pittsburgh,58.0
1918,Total Bases,Charlie Hollocher,Chicago,202.0
1918,Triples,Jake Daubert,Brooklyn,15.0
1924,Base on Balls,Rogers Hornsby,St. Louis,89.0
1924,Batting Average,Rogers Hornsby,St. Louis,0.424
1924,Doubles,Rogers Hornsby,St. Louis,43.0
1924,Hits,Rogers Hornsby,St. Louis,227.0
1924,Home Runs,Jack Fournier,Brooklyn,27.0
1924,On Base Percentage,Rogers Hornsby,St. Louis,0.507
1924,RBI,George Kelly,New York,136.0
1924,Runs,Frankie Frisch,New York,121.0
1924,Slugging Average,Rogers Hornsby,St. Louis,0.696
1924,Stolen Bases,Max Carey,Pittsburgh,49.0
1924,Total Bases,Rogers Hornsby,St. Louis,373.0
1924,Triples,Edd Roush,Cincinnati,21.0
1930,Base on Balls,Hack Wilson,Chicago,105.0
1930,Batting Average,Bill Terry,New York,0.401
1930,Doubles,Chuck Klein,Philadelphia,59.0
1930,Hits,Bill Terry,New York,254.0
1930,Home Runs,Hack Wilson,Chicago,56.0
1930,On Base Percentage,Mel Ott,New York,0.458
1930,RBI,Hack Wilson,Chicago,191.0
1930,Runs,Chuck Klein,Philadelphia,158.0
1930,Slugging Average,Hack Wilson,Chicago,0.723
1930,Stolen Bases,Kiki Cuyler,Chicago,37.0
1930,Total Bases,Chuck Klein,Philadelphia,445.0
1930,Triples,Adam Comorosky,Pittsburgh,23.0
2008,Base on Balls,Adam Dunn,Arizona,122.0
2008,Batting Average,Chipper Jones,Atlanta,0.364
2008,Doubles,Lance Berkman,Houston,46.0
2008,Hits,Jose Reyes,New York,204.0
2008,Home Runs,Ryan Howard,Philadelphia,48.0
2008,On Base Percentage,Chipper Jones,Atlanta,0.47
2008,RBI,Ryan Howard,Philadelphia,146.0
2008,Runs,Hanley Ramirez,Florida,125.0
2008,Slugging Average,Albert Pujols,St. Louis,0.653
2008,Stolen Bases,Willy Taveras,Colorado,68.0
2008,Total Bases,Albert Pujols,St. Louis,342.0
2008,Triples,Jose Reyes,New York,19.0
2020,Base on Balls,Bryce Harper,Philadelphia Phillies,49.0
2020,Batting Average,Juan Soto,Washington Nationals,0.351
2020,Doubles,Freddie Freeman,Atlanta Braves,23.0
2020,Hits,Trea Turner,Washington Nationals,78.0
2020,Home Runs,Marcell Ozuna,Atlanta Braves,18.0
2020,On Base Percentage,Juan Soto,Washington Nationals,0.49
2020,RBI,Marcell Ozuna,Atlanta Braves,56.0
2020,Runs,Freddie Freeman,Atlanta Braves,51.0
2020,Slugging Average,Juan Soto,Washington Nationals,0.695
2020,Stolen Bases,Trevor Story,Colorado Rockies,15.0
2020,Total Bases,Marcell Ozuna,Atlanta Braves,145.0
2020,Triples,Trevor Story,Colorado Rockies,4.0
1893,Base on Balls,Jack Crooks,St. Louis,121.0
1893,Batting Average,Hugh Duffy,Boston,0.363
1893,Doubles,Sam Thompson,Philadelphia,37.0
1893,Hits,Sam Thompson,Philadelphia,222.0
1893,Home Runs,Ed Delahanty,Philadelphia,19.0
1893,On Base Percentage,Billy Hamilton,Philadelphia,0.49
1893,RBI,Ed Delahanty,Philadelphia,146.0
1893,Runs,Herman Long,Boston,149.0
1893,Slugging Average,Ed Delahanty,Philadelphia,0.583
1893,Stolen Bases,Tom Brown,Louisville,66.0
1893,Total Bases,Ed Delahanty,Philadelphia,347.0
1893,Triples,Perry Werden,St. Louis,29.0
1887,Base on Balls,Jim Fogarty,Philadelphia,82.0
1887,Batting Average,Cap Anson,Chicago,0.347
1887,Doubles,Dan Brouthers,Detroit,36.0
1887,Hits,Sam Thompson,Detroit,203.0
1887,Home Runs,Billy O'Brien,Washington,19.0
1887,On Base Percentage,Dan Brouthers,Detroit,0.426
1887,RBI,Sam Thompson,Detroit,166.0
1887,Runs,Dan Brouthers,Detroit,153.0
1887,Slugging Average,Sam Thompson,Detroit,0.571
1887,Total Bases,Sam Thompson,Detroit,311.0
1887,Triples,Sam Thompson,Detroit,23.0
1878,Base on Balls,Terry Larkin,Chicago,17.0
1878,Batting Average,Paul Hines,Providence,0.358
1878,Doubles,Dick Higham,Providence,22.0
1878,Hits,Joe Start,Chicago,100.0
1878,Home Runs,Paul Hines,Providence,4.0
1878,On Base Percentage,Bob Ferguson,Chicago,0.375
1878,RBI,Paul Hines,Providence,50.0
1878,Runs,Dick Higham,Providence,60.0
1878,Slugging Average,Paul Hines,Providence,0.486
1878,Total Bases,Paul Hines,Providence,125.0
1878,Triples,Tom York,Providence,10.0
1879,Base on Balls,Charley Jones,Boston,29.0
1879,Batting Average,Paul Hines,Providence,0.357
1879,Doubles,Charlie Eden,Cleveland,31.0
1879,Hits,Paul Hines,Providence,146.0
1879,Home Runs,Charley Jones,Boston,9.0
1879,On Base Percentage,Jim O'Rourke,Providence,0.371
1879,RBI,Charley Jones,Boston,62.0
1879,Runs,Charley Jones,Boston,85.0
1879,Slugging Average,Jim O'Rourke,Boston,0.521
1879,Total Bases,Paul Hines,Providence,197.0
1879,Triples,Buttercup Dickerson,Cincinnati,14.0
1886,Base on Balls,George Gore,Chicago,102.0
1886,Batting Average,King Kelly,Chicago,0.388
1886,Doubles,Dan Brouthers,Detroit,40.0
1886,Hits,Hardy Richardson,Detroit,189.0
1886,Home Runs,Dan Brouthers,Detroit,11.0
1886,On Base Percentage,King Kelly,Chicago,0.483
1886,RBI,Cap Anson,Chicago,147.0
1886,Runs,King Kelly,Chicago,155.0
1886,Slugging Average,Dan Brouthers,Detroit,0.581
1886,Total Bases,Dan Brouthers,Detroit,284.0
1886,Triples,Roger Connor,New York,20.0
1892,Base on Balls,Jack Crooks,St. Louis,136.0
1892,Batting Average,Dan Brouthers,Brooklyn,0.335
1892,Doubles,Roger Connor,Philadelphia,37.0
1892,Hits,Dan Brouthers,Brooklyn,197.0
1892,Home Runs,Bug Holliday,Cincinnati,13.0
1892,On Base Percentage,Cupid Childs,Cleveland,0.443
1892,RBI,Dan Brouthers,Brooklyn,124.0
1892,Runs,Cupid Childs,Cleveland,136.0
1892,Slugging Average,Ed Delahanty,Philadelphia,0.495
1892,Stolen Bases,John Ward,Brooklyn,88.0
1892,Total Bases,Dan Brouthers,Brooklyn,282.0
1892,Triples,Ed Delahanty,Philadelphia,21.0
2021,Base on Balls,Juan Soto,Washington Nationals,145.0
2021,Batting Average,Trea Turner,Washington Nationals,0.328
2021,Doubles,Bryce Harper,Philadelphia Phillies,42.0
2021,Hits,Trea Turner,Washington Nationals,195.0
2021,Home Runs,Fernando Tatis Jr.,San Diego Padres,42.0
2021,On Base Percentage,Juan Soto,Washington Nationals,0.465
2021,RBI,Adam Duvall,Miami Marlins,113.0
2021,Runs,Freddie Freeman,Atlanta Braves,120.0
2021,Slugging Average,Bryce Harper,Philadelphia Phillies,0.615
2021,Stolen Bases,Trea Turner,Washington Nationals,32.0
2021,Total Bases,Trea Turner,Washington Nationals,319.0
2021,Triples,David Peralta,Arizona Diamondbacks,8.0
2009,Base on Balls,Adrian Gonzalez,San Diego,119.0
2009,Batting Average,Hanley Ramirez,Florida,0.342
2009,Doubles,Miguel Tejada,Houston,46.0
2009,Hits,Ryan Braun,Milwaukee,203.0
2009,Home Runs,Albert Pujols,St. Louis,47.0
2009,On Base Percentage,Albert Pujols,St. Louis,0.443
2009,RBI,Prince Fielder,Milwaukee,141.0
2009,Runs,Albert Pujols,St. Louis,124.0
2009,Slugging Average,Albert Pujols,St. Louis,0.658
2009,Stolen Bases,Michael Bourn,Houston,61.0
2009,Total Bases,Albert Pujols,St. Louis,374.0
2009,Triples,Shane Victorino,Philadelphia,13.0
1931,Base on Balls,Mel Ott,New York,80.0
1931,Batting Average,Chick Hafey,St. Louis,0.349
1931,Doubles,Sparky Adams,St. Louis,46.0
1931,Hits,Lloyd Waner,Pittsburgh,214.0
1931,Home Runs,Chuck Klein,Philadelphia,31.0
1931,On Base Percentage,Chick Hafey,St. Louis,0.404
1931,RBI,Chuck Klein,Philadelphia,121.0
1931,Runs,Chuck Klein,Philadelphia,121.0
1931,Slugging Average,Chuck Klein,Philadelphia,0.584
1931,Stolen Bases,Frankie Frisch,St. Louis,28.0
1931,Total Bases,Chuck Klein,Philadelphia,347.0
1931,Triples,Bill Terry,New York,20.0
1925,Base on Balls,Jack Fournier,Brooklyn,86.0
1925,Batting Average,Rogers Hornsby,St. Louis,0.403
1925,Doubles,Jim Bottomley,St. Louis,44.0
1925,Hits,Jim Bottomley,St. Louis,227.0
1925,Home Runs,Rogers Hornsby,St. Louis,39.0
1925,On Base Percentage,Rogers Hornsby,St. Louis,0.489
1925,RBI,Rogers Hornsby,St. Louis,143.0
1925,Runs,Kiki Cuyler,Pittsburgh,144.0
1925,Slugging Average,Rogers Hornsby,St. Louis,0.756
1925,Stolen Bases,Max Carey,Pittsburgh,46.0
1925,Total Bases,Rogers Hornsby,St. Louis,381.0
1925,Triples,Kiki Cuyler,Pittsburgh,26.0
1919,Base on Balls,George Burns,New York,82.0
1919,Batting Average,Edd Roush,Cincinnati,0.321
1919,Doubles,Ross Youngs,New York,31.0
1919,Hits,Ivy Olson,Brooklyn,164.0
1919,Home Runs,Gavvy Cravath,Philadelphia,12.0
1919,On Base Percentage,George Burns,New York,0.396
1919,RBI,Hy Myers,Brooklyn,73.0
1919,Runs,George Burns,New York,86.0
1919,Slugging Average,Hy Myers,Brooklyn,0.436
1919,Stolen Bases,George Burns,New York,40.0
1919,Total Bases,Hy Myers,Brooklyn,223.0
1919,Triples,Hy Myers,Brooklyn,14.0
1933,Base on Balls,Mel Ott,New York,75.0
1933,Batting Average,Chuck Klein,Philadelphia,0.368
1933,Doubles,Chuck Klein,Philadelphia,44.0
1933,Hits,Chuck Klein,Philadelphia,223.0
1933,Home Runs,Chuck Klein,Philadelphia,28.0
1933,On Base Percentage,Chuck Klein,Philadelphia,0.422
1933,RBI,Chuck Klein,Philadelphia,120.0
1933,Runs,Pepper Martin,St. Louis,122.0
1933,Slugging Average,Chuck Klein,Philadelphia,0.602
1933,Stolen Bases,Pepper Martin,St. Louis,26.0
1933,Total Bases,Chuck Klein,Philadelphia,365.0
1933,Triples,Arky Vaughan,Pittsburgh,19.0
1927,Base on Balls,Rogers Hornsby,Boston,86.0
1927,Batting Average,Paul Waner,Pittsburgh,0.38
1927,Doubles,Riggs Stephenson,Chicago,46.0
1927,Hits,Paul Waner,Pittsburgh,237.0
1927,Home Runs,Cy Williams,Philadelphia,30.0
1927,On Base Percentage,Rogers Hornsby,New York,0.448
1927,RBI,Paul Waner,Pittsburgh,131.0
1927,Runs,Rogers Hornsby,New York,133.0
1927,Slugging Average,Chick Hafey,St. Louis,0.59
1927,Stolen Bases,Frankie Frisch,St. Louis,48.0
1927,Total Bases,Paul Waner,Pittsburgh,342.0
1927,Triples,Paul Waner,Pittsburgh,18.0
2023,Base on Balls,Juan Soto,San Diego Padres,132.0
2023,Batting Average,Luis Arraez,Miami Marlins,0.354
2023,Doubles,Freddie Freeman,Los Angeles Dodgers,59.0
2023,Hits,Ronald Acuña Jr.,Atlanta Braves,217.0
2023,Home Runs,Matt Olson,Atlanta Braves,54.0
2023,On Base Percentage,Ronald Acuña Jr.,Atlanta Braves,0.416
2023,RBI,Matt Olson,Atlanta Braves,139.0
2023,Runs,Ronald Acuña Jr.,Atlanta Braves,149.0
2023,Slugging Average,Matt Olson,Atlanta Braves,0.604
2023,Stolen Bases,Ronald Acuña Jr.,Atlanta Braves,73.0
2023,Total Bases,Ronald Acuña Jr.,Atlanta Braves,383.0
2023,Triples,Corbin Carroll,Arizona Diamondbacks,10.0
1884,Base on Balls,George Gore,Chicago,61.0
1884,Batting Average,King Kelly,Chicago,0.354
1884,Doubles,Paul Hines,Providence,36.0
1884,Hits,Jim O'Rourke,Buffalo,162.0
1884,Home Runs,Ned Williamson,Chicago,27.0
1884,On Base Percentage,King Kelly,Chicago,0.414
1884,RBI,Cap Anson,Chicago,102.0
1884,Runs,King Kelly,Chicago,120.0
1884,Slugging Average,Dan Brouthers,Buffalo,0.563
1884,Total Bases,Abner Dalrymple,Chicago,263.0
1884,Triples,Buck Ewing,New York,20.0
1890,Base on Balls,Cap Anson,Chicago,113.0
1890,Batting Average,Jack Glasscock,New York,0.336
1890,Doubles,Sam Thompson,Philadelphia,41.0
1890,Hits,Jack Glasscock,New York,172.0
1890,Home Runs,Oyster Burns,Brooklyn,13.0
1890,On Base Percentage,Cap Anson,Chicago,0.443
1890,RBI,Oyster Burns,Brooklyn,128.0
1890,Runs,Hub Collins,Brooklyn,148.0
1890,Slugging Average,Mike Tiernan,New York,0.495
1890,Total Bases,Mike Tiernan,New York,274.0
1890,Triples,John Reilly,Cincinnati,26.0
1891,Base on Balls,Billy Hamilton,Philadelphia,102.0
1891,Batting Average,Billy Hamilton,Philadelphia,0.34
1891,Doubles,Mike Griffin,Brooklyn,36.0
1891,Hits,Billy Hamilton,Philadelphia,179.0
1891,Home Runs,Harry Stovey,Boston,16.0
1891,On Base Percentage,Billy Hamilton,Philadelphia,0.453
1891,RBI,Cap Anson,Chicago,120.0
1891,Runs,Billy Hamilton,Philadelphia,141.0
1891,Slugging Average,Harry Stovey,Boston,0.498
1891,Stolen Bases,Billy Hamilton,Philadelphia,111.0
1891,Total Bases,Harry Stovey,Boston,271.0
1891,Triples,Harry Stovey,Boston,20.0
1885,Base on Balls,Ned Williamson,Chicago,75.0
1885,Batting Average,Roger Connor,New York,0.371
1885,Doubles,Cap Anson,Chicago,35.0
1885,Hits,Roger Connor,New York,169.0
1885,Home Runs,Abner Dalrymple,Chicago,11.0
1885,On Base Percentage,Roger Connor,New York,0.435
1885,RBI,Cap Anson,Chicago,108.0
1885,Runs,King Kelly,Chicago,124.0
1885,Slugging Average,Dan Brouthers,Buffalo,0.543
1885,Total Bases,Roger Connor,New York,225.0
1885,Triples,Jim O'Rourke,New York,16.0
2022,Base on Balls,Juan Soto,Washington Nationals,135.0
2022,Batting Average,Jeff McNeil,New York Mets,0.326
2022,Doubles,Freddie Freeman,Los Angeles Dodgers,44.0
2022,Hits,Freddie Freeman,Los Angeles Dodgers,11.0
2022,Home Runs,Kyle Schwarber,Philadelphia Phillies,46.0
2022,On Base Percentage,Freddie Freeman,Los Angeles Dodgers,0.407
2022,RBI,Pete Alonso,New York Mets,131.0
2022,Runs,Mookie Betts,Los Angeles Dodgers,117.0
2022,Slugging Average,Paul Goldschmidt,St. Louis Cardinals,0.578
2022,Stolen Bases,Jon Berti,Miami Marlins,41.0
2022,Total Bases,Austin Riley,Atlanta Braves,325.0
2022,Triples,Gavin Lux,Los Angeles Dodgers,7.0
1926,Base on Balls,Hack Wilson,Chicago,69.0
1926,Batting Average,Bubbles Hargrave,Cincinnati,0.353
1926,Doubles,Jim Bottomley,St. Louis,40.0
1926,Hits,Eddie Brown,Boston,201.0
1926,Home Runs,Hack Wilson,Chicago,21.0
1926,On Base Percentage,Paul Waner,Pittsburgh,0.413
1926,RBI,Jim Bottomley,St. Louis,120.0
1926,Runs,Kiki Cuyler,Pittsburgh,113.0
1926,Slugging Average,Cy Williams,Philadelphia,0.568
1926,Stolen Bases,Kiki Cuyler,Pittsburgh,35.0
1926,Total Bases,Jim Bottomley,St. Louis,305.0
1926,Triples,Paul Waner,Pittsburgh,22.0
1932,Base on Balls,Mel Ott,New York,100.0
1932,Batting Average,Lefty O'Doul,Brooklyn,0.368
1932,Doubles,Paul Waner,Pittsburgh,62.0
1932,Hits,Chuck Klein,Philadelphia,226.0
1932,Home Runs,Chuck Klein,Philadelphia,38.0
1932,On Base Percentage,Mel Ott,New York,0.424
1932,RBI,Don Hurst,Philadelphia,143.0
1932,Runs,Chuck Klein,Philadelphia,152.0
1932,Slugging Average,Chuck Klein,Philadelphia,0.646
1932,Stolen Bases,Chuck Klein,Philadelphia,20.0
1932,Total Bases,Chuck Klein,Philadelphia,420.0
1932,Triples,Babe Herman,Cincinnati,19.0
